Player,Team,GP,MIN,PTS,FGM,FGA,FG%,3PM,3PA,3P%,FTM,FTA,FT%,REB,AST,STL,BLK,TO,DD2,TD3
Shai Gilgeous-Alexander,OKC,76,34.2,32.7,11.3,21.8,51.9,2.1,5.7,37.5,7.9,8.8,89.8,5.0,6.4,1.7,1.0,2.4,6,0
Giannis Antetokounmpo,MIL,67,34.2,30.4,11.8,19.7,60.1,0.2,0.9,22.2,6.5,10.6,61.7,11.9,6.5,0.9,1.2,3.1,55,11
Nikola Jokic,DEN,70,36.7,29.6,11.2,19.5,57.6,2.0,4.7,41.7,5.2,6.4,80.0,12.7,10.2,1.8,0.6,3.3,59,34
Anthony Edwards,MIN,79,36.3,27.6,9.1,20.4,44.7,4.1,10.3,39.5,5.3,6.3,83.7,5.7,4.5,1.2,0.6,3.2,7,0
Jayson Tatum,BOS,72,36.4,26.8,9.2,20.3,45.2,3.5,10.1,34.3,5.0,6.1,81.4,8.7,6.0,1.1,0.5,2.9,31,2
Kevin Durant,PHX,62,36.5,26.6,9.5,18.1,52.7,2.6,6.0,43.0,4.9,5.8,83.9,6.0,4.2,0.8,1.2,3.1,5,0
Cade Cunningham,DET,70,35.0,26.1,9.8,20.8,46.9,2.1,6.0,35.6,4.5,5.3,84.6,6.1,9.1,1.0,0.8,4.4,31,9
Jalen Brunson,NY,65,35.4,26.0,9.0,18.5,48.8,2.3,6.1,38.3,5.7,6.9,82.1,2.9,7.3,0.9,0.1,2.5,14,0
Devin Booker,PHX,75,37.3,25.6,8.7,18.9,46.1,2.4,7.3,33.2,5.8,6.4,89.4,4.1,7.1,0.9,0.2,2.9,16,0
Damian Lillard,MIL,58,36.1,24.9,7.7,17.1,44.8,3.4,9.0,37.6,6.2,6.8,92.1,4.7,7.1,1.2,0.2,2.8,14,2
Stephen Curry,GS,70,32.2,24.5,8.1,18.0,44.8,4.4,11.2,39.7,4.0,4.3,93.3,4.4,6.0,1.1,0.4,2.9,9,0
Karl-Anthony Towns,NY,72,35.0,24.4,8.9,16.9,52.6,2.0,4.7,42.0,4.7,5.7,82.9,12.8,3.1,1.0,0.7,2.7,58,1
LeBron James,LAL,70,34.9,24.4,9.3,18.1,51.3,2.1,5.7,37.6,3.7,4.7,78.2,7.8,8.2,1.0,0.6,3.7,32,10
Trae Young,ATL,76,36.0,24.2,7.4,18.1,41.1,2.9,8.4,34.0,6.5,7.4,87.5,3.1,11.6,1.2,0.2,4.7,51,0
Franz Wagner,ORL,60,33.7,24.2,9.0,19.4,46.3,1.7,5.9,29.5,4.5,5.2,87.1,5.7,4.7,1.3,0.4,2.3,3,0
Donovan Mitchell,CLE,71,31.4,24.0,8.2,18.6,44.3,3.3,8.9,36.8,4.2,5.1,82.3,4.5,5.0,1.3,0.2,2.1,6,0
Tyler Herro,MIA,77,35.4,23.9,8.5,17.9,47.2,3.3,8.7,37.5,3.7,4.2,87.8,5.2,5.5,0.9,0.2,2.6,9,0
De'Aaron Fox,SAC/SA,62,36.1,23.5,8.7,18.8,46.3,1.9,6.1,31.0,4.2,5.1,82.7,4.8,6.3,1.5,0.4,2.8,9,0
Zach LaVine,SAC/CHI,74,35.2,23.3,8.4,16.5,51.1,3.2,7.2,44.6,3.2,3.9,82.5,4.3,4.2,0.8,0.2,2.8,6,0
James Harden,LAC,79,35.3,22.8,6.7,16.4,41.0,3.0,8.5,35.2,6.4,7.3,87.4,5.8,8.7,1.5,0.7,4.3,38,3
DeMar DeRozan,SAC,77,35.9,22.2,8.1,17.0,47.7,1.1,3.3,32.8,4.9,5.7,85.7,3.9,4.4,0.8,0.4,1.4,3,0
Jaylen Brown,BOS,63,34.3,22.2,8.2,17.7,46.3,1.8,5.7,32.4,3.9,5.1,76.4,5.8,4.5,1.2,0.3,2.6,5,0
Jaren Jackson,MEM,74,29.8,22.2,8.0,16.4,48.8,2.0,5.3,37.5,4.2,5.4,78.1,5.6,2.0,1.2,1.5,2.1,6,0
Norman Powell,LAC,60,32.6,21.8,7.6,15.8,48.4,3.0,7.1,41.8,3.6,4.4,80.4,3.2,2.1,1.2,0.2,1.8,1,0
Jalen Williams,OKC,69,32.4,21.6,8.2,16.9,48.4,1.8,4.9,36.5,3.4,4.3,78.9,5.3,5.1,1.6,0.7,2.2,3,0
Jamal Murray,DEN,67,36.1,21.4,7.9,16.7,47.4,2.3,5.9,39.3,3.3,3.7,88.6,3.9,6.0,1.4,0.5,2.1,5,0
RJ Barrett,TOR,58,32.2,21.1,7.9,16.9,46.8,1.8,5.3,35.0,3.4,5.4,63.0,6.3,5.4,0.8,0.3,2.8,10,2
Jalen Green,HOU,82,32.9,21.0,7.4,17.5,42.3,2.9,8.1,35.4,3.3,4.1,81.3,4.6,3.4,0.9,0.3,2.5,4,0
Darius Garland,CLE,75,30.7,20.6,7.4,15.7,47.2,2.8,7.1,40.1,3.0,3.4,87.8,2.9,6.7,1.2,0.1,2.5,7,0
Jordan Poole,WSH,68,29.4,20.5,6.7,15.5,43.2,3.5,9.1,37.8,3.6,4.0,88.3,3.0,4.5,1.3,0.4,3.0,1,0
Coby White,CHI,74,33.1,20.4,6.9,15.1,45.3,2.9,7.9,37.0,3.7,4.1,90.2,3.7,4.5,0.9,0.2,2.4,2,0
Miles Bridges,CHA,64,31.7,20.3,7.3,17.0,43.1,2.2,7.0,31.3,3.5,4.0,87.0,7.5,3.9,0.7,0.7,2.1,14,1
Pascal Siakam,IND,78,32.7,20.2,7.9,15.2,51.9,1.6,4.2,38.9,2.9,3.9,73.4,6.9,3.4,0.9,0.5,1.4,11,0
Austin Reaves,LAL,73,34.9,20.2,6.5,14.2,46.0,2.7,7.3,37.7,4.4,5.0,87.7,4.5,5.8,1.1,0.3,2.4,9,1
Scottie Barnes,TOR,65,32.8,19.3,7.3,16.4,44.6,1.2,4.3,27.1,3.5,4.6,75.5,7.7,5.8,1.4,1.0,2.8,26,1
Anfernee Simons,POR,70,32.7,19.3,6.8,16.1,42.6,3.1,8.5,36.3,2.5,2.8,90.2,2.7,4.8,0.9,0.1,2.0,2,0
Desmond Bane,MEM,69,32.0,19.2,7.1,14.8,48.4,2.4,6.1,39.2,2.6,2.9,89.4,6.1,5.3,1.2,0.4,2.4,10,1
Domantas Sabonis,SAC,70,34.7,19.1,7.5,12.8,59.0,0.9,2.2,41.7,3.1,4.1,75.4,13.9,6.0,0.7,0.4,2.9,61,10
Alperen Sengun,HOU,76,31.5,19.1,7.5,15.0,49.6,0.3,1.2,23.3,3.9,5.6,69.2,10.3,4.9,1.1,0.8,2.6,45,4
Julius Randle,MIN,69,32.3,18.7,6.6,13.6,48.5,1.6,4.6,34.4,3.9,4.9,80.6,7.1,4.7,0.7,0.2,2.8,14,0
Tyrese Haliburton,IND,73,33.6,18.6,6.5,13.8,47.3,3.0,7.7,38.8,2.6,3.0,85.1,3.5,9.2,1.4,0.7,1.6,31,0
Shaedon Sharpe,POR,72,31.3,18.5,6.9,15.3,45.2,2.0,6.6,31.1,2.6,3.4,78.5,4.5,2.8,0.9,0.2,2.1,3,0
Evan Mobley,CLE,71,30.5,18.5,7.1,12.8,55.7,1.2,3.2,37.0,3.1,4.3,72.5,9.3,3.2,0.9,1.6,2.0,37,0
Nikola Vucevic,CHI,73,31.2,18.5,7.5,14.2,53.0,1.8,4.4,40.2,1.6,2.0,80.5,10.1,3.5,0.8,0.7,1.6,45,1
Collin Sexton,UTAH,63,27.9,18.4,6.6,13.8,48.0,1.7,4.3,40.6,3.4,4.0,86.5,2.7,4.2,0.7,0.1,2.5,2,0
Michael Porter,DEN,77,33.7,18.2,6.9,13.6,50.4,2.5,6.4,39.5,1.9,2.5,76.8,7.0,2.1,0.6,0.5,1.4,15,0
Bam Adebayo,MIA,78,34.3,18.1,6.9,14.3,48.5,1.0,2.8,35.7,3.2,4.2,76.5,9.6,4.3,1.3,0.7,2.1,38,1
OG Anunoby,NY,74,36.6,18.0,6.6,13.9,47.6,2.3,6.2,37.2,2.5,3.1,81.0,4.8,2.2,1.5,0.9,1.4,1,0
Andrew Wiggins,MIA/GS,60,30.7,18.0,6.3,14.0,44.8,2.2,5.8,37.4,3.3,4.3,76.3,4.5,2.6,1.0,0.8,1.7,3,0
Mikal Bridges,NY,82,37.0,17.6,7.2,14.4,50.0,2.0,5.6,35.4,1.2,1.4,81.4,3.2,3.7,0.9,0.5,1.6,1,0
Malik Monk,SAC,65,31.6,17.2,6.3,14.4,43.9,2.1,6.6,32.5,2.4,2.7,86.5,3.8,5.6,0.9,0.6,2.4,4,0
De'Andre Hunter,ATL/CLE,64,27.2,17.0,5.6,11.9,47.0,2.5,6.1,40.5,3.4,4.0,84.6,4.0,1.4,0.8,0.2,1.3,2,0
Deni Avdija,POR,72,30.0,16.9,5.6,11.7,47.6,1.7,4.8,36.5,4.0,5.2,78.0,7.3,3.9,1.0,0.5,2.7,17,2
Keyonte George,UTAH,67,31.5,16.8,5.4,13.7,39.1,2.6,7.6,34.3,3.5,4.3,81.8,3.8,5.6,0.7,0.1,2.7,4,0
Ivica Zubac,LAC,80,32.8,16.8,7.4,11.8,62.8,0.0,0.0,0.0,2.0,3.0,66.1,12.6,2.7,0.7,1.1,1.6,59,1
Derrick White,BOS,76,33.9,16.4,5.6,12.6,44.2,3.5,9.1,38.4,1.8,2.1,83.9,4.5,4.8,0.9,1.1,1.7,4,0
Malik Beasley,DET,82,27.8,16.3,5.6,13.1,43.0,3.9,9.3,41.6,1.2,1.7,67.9,2.6,1.7,0.9,0.1,1.0,1,0
Devin Vassell,SA,64,31.0,16.3,6.2,13.9,44.3,2.5,6.7,36.8,1.5,1.9,79.2,4.0,2.9,1.3,0.5,1.4,2,0
Bennedict Mathurin,IND,72,29.8,16.1,5.4,11.8,45.8,1.4,4.0,34.0,3.8,4.6,83.1,5.3,1.9,0.7,0.3,1.9,8,0
Myles Turner,IND,72,30.2,15.6,5.4,11.3,48.1,2.2,5.5,39.6,2.6,3.3,77.3,6.5,1.5,0.8,2.0,1.7,13,0
Christian Braun,DEN,79,33.9,15.4,6.0,10.4,58.0,1.1,2.8,39.7,2.2,2.7,82.7,5.2,2.6,1.1,0.5,1.0,6,0
Kelly Oubre,PHI,60,34.6,15.1,5.8,12.4,47.0,1.2,4.0,29.3,2.3,3.1,75.1,6.1,1.8,1.5,0.5,1.3,10,0
Kyle Kuzma,MIL/WSH,65,29.8,14.8,5.7,13.0,43.6,1.5,4.8,30.7,2.0,3.1,63.4,5.7,2.3,0.6,0.3,2.2,6,0
Stephon Castle,SA,81,26.7,14.7,5.2,12.2,42.8,1.2,4.1,28.5,3.1,4.2,72.4,3.7,4.1,0.9,0.3,2.2,6,0
Josh Giddey,CHI,70,30.2,14.6,5.3,11.4,46.5,1.5,4.0,37.8,2.5,3.2,78.1,8.1,7.2,1.2,0.6,2.9,30,7
Quentin Grimes,DAL/PHI,75,26.8,14.6,5.1,11.0,46.7,2.2,5.6,38.5,2.2,2.9,75.7,4.3,3.0,1.0,0.3,1.9,4,0
Payton Pritchard,BOS,80,28.4,14.3,5.1,10.8,47.2,3.2,7.8,40.7,0.9,1.1,84.5,3.8,3.5,0.9,0.2,1.0,5,0
Naz Reid,MIN,80,27.5,14.2,5.3,11.5,46.2,2.2,5.8,37.9,1.4,1.8,77.6,6.0,2.3,0.7,0.9,1.4,10,0
Dyson Daniels,ATL,76,33.8,14.1,6.0,12.1,49.3,1.1,3.1,34.0,1.1,1.8,59.3,5.9,4.4,3.0,0.7,2.0,9,0
Fred VanVleet,HOU,60,35.2,14.1,4.8,12.7,37.8,2.7,7.7,34.5,1.9,2.3,81.0,3.7,5.6,1.6,0.4,1.5,4,0
Amen Thompson,HOU,69,32.2,14.1,5.6,10.1,55.7,0.4,1.3,27.5,2.4,3.6,68.4,8.2,3.8,1.4,1.3,2.0,21,3
Dillon Brooks,HOU,75,31.8,14.0,5.1,11.9,42.9,2.5,6.3,39.7,1.3,1.6,81.8,3.7,1.7,0.8,0.2,1.0,0,0
Klay Thompson,DAL,72,27.3,14.0,5.0,12.2,41.2,3.0,7.7,39.1,0.9,1.0,90.5,3.4,2.0,0.7,0.4,1.2,0,0
Tobias Harris,DET,73,31.6,13.7,5.3,11.0,47.7,1.2,3.6,34.5,2.0,2.3,86.1,5.9,2.2,1.0,0.8,1.2,5,0
Josh Hart,NY,77,37.6,13.6,5.2,10.0,52.5,1.1,3.3,33.3,2.1,2.7,77.6,9.6,5.9,1.5,0.4,2.1,34,9
Jarrett Allen,CLE,82,28.0,13.5,5.5,7.8,70.6,0.0,0.1,0.0,2.4,3.4,71.8,9.7,1.9,0.9,0.9,1.2,40,0
Onyeka Okongwu,ATL,74,27.9,13.4,5.2,9.2,56.7,0.6,2.0,32.4,2.2,2.9,75.9,8.9,2.3,0.9,0.9,1.2,28,0
Russell Westbrook,DEN,75,27.9,13.3,5.0,11.1,44.9,1.3,3.9,32.3,2.1,3.1,66.1,4.9,6.1,1.4,0.5,3.2,13,4
Naji Marshall,DAL,69,27.8,13.2,5.2,10.3,50.8,0.9,3.2,27.5,1.9,2.3,81.3,4.8,3.0,1.0,0.2,1.6,6,0
Rui Hachimura,LAL,59,31.7,13.1,5.0,9.8,50.9,1.7,4.2,41.3,1.5,1.9,77.0,5.0,1.4,0.8,0.4,0.8,1,0
Dennis Schroder,BKN/DET/GS,75,28.1,13.1,4.5,11.0,40.6,1.7,4.9,34.2,2.4,2.9,83.8,2.6,5.4,0.9,0.2,1.9,7,0
Brook Lopez,MIL,80,31.8,13.0,4.9,9.7,50.9,1.7,4.7,37.3,1.4,1.7,82.6,5.0,1.8,0.6,1.9,1.1,4,0
Alex Sarr,WSH,67,27.1,13.0,4.9,12.4,39.4,1.6,5.1,30.8,1.7,2.5,67.9,6.5,2.4,0.7,1.5,1.7,10,0
Keldon Johnson,SA,77,23.9,12.7,4.8,10.0,48.2,1.1,3.6,31.8,1.9,2.5,77.3,4.8,1.6,0.6,0.3,1.0,3,0
Scoot Henderson,POR,66,26.7,12.7,4.3,10.4,41.9,1.6,4.5,35.4,2.4,3.1,76.7,3.0,5.1,1.0,0.2,2.7,2,0
D'Angelo Russell,LAL/BKN,58,25.5,12.6,4.3,11.0,39.0,1.9,6.2,31.4,2.1,2.5,83.4,2.8,5.1,1.0,0.4,1.9,4,0
Zaccharie Risacher,ATL,75,24.6,12.6,4.8,10.4,45.8,1.6,4.6,35.5,1.4,2.0,71.1,3.6,1.2,0.7,0.5,1.2,1,0
Ty Jerome,CLE,70,19.9,12.5,4.6,8.8,51.6,1.6,3.6,43.9,1.8,2.1,87.2,2.5,3.4,1.1,0.0,1.3,0,0
Santi Aldama,MEM,65,25.5,12.5,4.8,10.0,48.3,1.8,5.0,36.8,1.0,1.4,69.1,6.4,2.9,0.8,0.4,1.1,10,0
Keegan Murray,SAC,76,34.3,12.4,4.8,10.8,44.4,2.0,5.9,34.3,0.8,0.9,83.3,6.7,1.4,0.8,0.9,0.8,11,0
Harrison Barnes,SA,82,27.2,12.3,4.2,8.3,50.8,1.9,4.4,43.3,2.0,2.4,80.9,3.8,1.7,0.5,0.2,0.6,1,0
Bilal Coulibaly,WSH,59,33.0,12.3,4.5,10.6,42.1,1.1,3.8,28.1,2.3,3.1,74.6,5.0,3.4,1.3,0.7,2.1,3,1
Jaden McDaniels,MIN,82,31.9,12.2,4.9,10.2,47.7,1.2,3.7,33.0,1.3,1.6,81.3,5.7,2.0,1.3,0.9,1.2,10,0
Caris LeVert,ATL/CLE,64,24.9,12.1,4.4,9.4,46.7,1.7,4.4,37.3,1.7,2.4,71.0,3.2,3.4,0.9,0.5,1.2,1,0
Rudy Gobert,MIN,72,33.2,12.0,4.7,7.1,66.9,0.0,0.0,0.0,2.6,3.8,67.4,10.9,1.8,0.8,1.4,1.2,36,0
Aaron Wiggins,OKC,76,22.9,12.0,4.7,9.6,48.8,1.7,4.5,38.3,1.0,1.2,83.1,3.9,1.8,0.8,0.2,0.9,2,0
Jalen Duren,DET,78,26.1,11.8,4.8,7.0,69.2,0.0,0.0,0.0,2.1,3.1,66.9,10.3,2.7,0.7,1.1,1.7,41,0
Brandin Podziemski,GS,64,26.8,11.7,4.4,9.8,44.5,1.8,4.8,37.2,1.1,1.5,75.8,5.1,3.4,1.1,0.2,1.2,2,0
Donte DiVincenzo,MIN,62,25.9,11.7,4.0,9.6,42.2,2.8,7.1,39.7,0.8,1.0,77.8,3.7,3.6,1.2,0.3,1.6,1,0
Corey Kispert,WSH,61,26.3,11.6,4.2,9.3,45.1,2.0,5.4,36.4,1.2,1.4,85.2,3.0,1.7,0.4,0.2,1.0,0,0
Toumani Camara,POR,78,32.7,11.3,4.2,9.2,45.8,1.7,4.6,37.5,1.2,1.6,72.2,5.8,2.2,1.5,0.6,1.4,4,0
Gary Trent,MIL,74,25.6,11.1,3.8,8.9,43.1,2.4,5.9,41.6,1.1,1.2,84.8,2.3,1.2,1.0,0.1,0.6,0,0
Buddy Hield,GS,82,22.7,11.1,4.0,9.6,41.7,2.5,6.7,37.0,0.6,0.8,82.8,3.2,1.6,0.8,0.3,1.1,0,0
Jrue Holiday,BOS,62,30.6,11.1,4.1,9.2,44.3,1.7,4.9,35.3,1.1,1.2,90.9,4.3,3.9,1.1,0.4,1.2,1,0
Walker Kessler,UTAH,58,30.0,11.1,4.8,7.2,66.3,0.1,0.6,17.6,1.4,2.6,52.0,12.2,1.7,0.6,2.4,1.5,28,0
Duncan Robinson,MIA,74,24.1,11.0,3.9,9.0,43.7,2.6,6.5,39.3,0.6,0.7,88.7,2.3,2.4,0.5,0.1,1.2,0,0
Spencer Dinwiddie,DAL,79,27.0,11.0,3.6,8.6,41.6,1.4,4.1,33.4,2.5,3.1,80.2,2.6,4.4,0.9,0.2,1.3,5,0
Guerschon Yabusele,PHI,70,27.1,11.0,4.0,8.0,50.1,1.5,3.9,38.0,1.4,2.0,72.5,5.6,2.1,0.8,0.3,1.2,3,0
Tim Hardaway,DET,77,28.0,11.0,3.6,8.8,40.6,2.2,5.9,36.8,1.6,1.9,85.5,2.4,1.6,0.5,0.1,0.6,0,0
Brice Sensabaugh,UTAH,71,20.2,10.9,3.9,8.4,45.9,2.2,5.2,42.2,0.9,1.0,89.0,3.0,1.5,0.6,0.1,1.5,0,0
Grayson Allen,PHX,64,24.1,10.6,3.4,7.6,44.8,2.3,5.5,42.6,1.5,1.8,81.6,3.0,2.1,0.8,0.3,1.2,1,0
Keon Johnson,BKN,79,24.4,10.6,3.8,9.9,38.9,1.6,5.1,31.4,1.4,1.8,77.0,3.8,2.2,1.0,0.4,1.5,0,0
Terry Rozier,MIA,64,25.9,10.6,3.9,9.9,39.1,1.4,4.8,29.5,1.4,1.7,85.2,3.7,2.6,0.6,0.2,1.2,0,0
Obi Toppin,IND,79,19.6,10.5,4.0,7.6,52.9,1.4,3.8,36.5,1.1,1.4,78.1,4.0,1.6,0.6,0.4,0.9,2,0
Ochai Agbaji,TOR,64,27.2,10.4,4.2,8.3,49.8,1.6,4.0,39.9,0.5,0.8,70.8,3.8,1.5,0.9,0.5,0.8,0,0
Jaylen Wells,MEM,79,25.9,10.4,3.6,8.6,42.5,1.7,5.0,35.2,1.4,1.7,82.2,3.4,1.7,0.6,0.1,0.9,1,0
Jonas Valanciunas,SAC/WSH,81,18.8,10.4,4.3,7.7,55.0,0.1,0.5,21.6,1.8,2.0,87.9,7.7,2.0,0.5,0.6,1.5,21,0
Nic Claxton,BKN,70,26.9,10.3,4.6,8.1,56.3,0.1,0.3,23.8,1.1,2.2,51.3,7.4,2.2,0.9,1.4,1.2,13,0
Kevin Porter,LAC/MIL,75,19.8,10.3,3.9,8.7,44.9,0.7,2.4,31.1,1.7,2.3,76.9,3.7,3.4,1.1,0.2,1.8,2,1
Tyus Jones,PHX,81,26.8,10.2,3.8,8.4,44.8,2.0,5.0,41.4,0.6,0.7,89.5,2.4,5.3,0.9,0.1,1.1,6,0
Isaiah Joe,OKC,74,21.7,10.2,3.5,7.9,44.0,2.6,6.3,41.2,0.6,0.8,82.1,2.6,1.6,0.6,0.1,0.5,0,0
Derrick Jones,LAC,77,24.3,10.1,4.0,7.6,52.6,1.0,2.8,35.6,1.1,1.5,70.3,3.4,0.8,1.0,0.4,0.9,0,0
Luguentz Dort,OKC,71,29.2,10.1,3.6,8.4,43.5,2.4,5.8,41.2,0.5,0.6,71.7,4.1,1.6,1.1,0.5,0.7,0,0
Ausar Thompson,DET,59,22.5,10.1,4.2,7.8,53.5,0.2,0.8,22.4,1.5,2.4,64.1,5.1,2.3,1.7,0.7,1.4,3,0
Andrew Nembhard,IND,65,28.9,10.0,3.8,8.3,45.8,0.8,2.7,29.1,1.7,2.1,79.4,3.3,5.0,1.2,0.2,1.7,2,0
Ziaire Williams,BKN,63,24.5,10.0,3.4,8.3,41.2,1.6,4.8,34.1,1.6,2.0,82.1,4.6,1.3,1.0,0.4,1.1,2,0
Julian Champagnie,SA,82,23.6,9.9,3.4,8.1,41.5,2.2,5.9,37.1,1.0,1.1,90.4,3.9,1.4,0.7,0.4,0.9,0,0
Georges Niang,ATL/CLE,79,21.5,9.9,3.6,7.8,46.1,2.1,5.2,40.6,0.6,0.7,79.3,3.4,1.4,0.4,0.2,1.0,1,0
Kevin Huerter,SAC/CHI,69,24.3,9.9,3.7,8.8,42.5,1.9,5.7,33.8,0.5,0.7,71.4,3.0,2.3,1.0,0.3,1.0,0,0
Scotty Pippen,MEM,79,21.3,9.9,3.6,7.5,48.0,1.1,2.8,39.7,1.5,2.2,71.3,3.3,4.4,1.3,0.4,1.7,9,1
Nick Smith,CHA,60,22.8,9.9,3.7,9.5,39.1,1.7,5.1,34.0,0.7,0.8,93.5,2.1,2.4,0.3,0.1,1.4,1,0
Bub Carrington,WSH,82,30.0,9.8,3.7,9.1,40.1,1.7,5.0,33.9,0.8,1.0,81.2,4.2,4.4,0.7,0.3,1.7,5,0
Moses Moody,GS,74,22.3,9.8,3.3,7.7,43.3,1.7,4.6,37.4,1.4,1.8,79.7,2.6,1.3,0.8,0.4,0.7,0,0
Amir Coffey,LAC,72,24.3,9.7,3.3,7.1,47.1,1.4,3.4,40.9,1.6,1.8,89.1,2.2,1.1,0.6,0.1,0.6,0,0
Max Christie,LAL/DAL,78,27.3,9.6,3.2,7.6,42.7,1.5,4.0,36.6,1.7,1.9,85.5,3.3,1.9,0.8,0.4,1.1,0,0
Kyle Filipowski,UTAH,72,21.1,9.6,3.6,7.2,50.2,1.1,3.1,35.0,1.3,2.0,65.0,6.1,1.9,0.7,0.3,1.4,13,0
Miles McBride,NY,64,24.9,9.5,3.5,8.5,40.6,1.8,4.9,36.9,0.8,1.0,81.3,2.5,2.9,1.0,0.3,0.6,0,0
Jalen Wilson,BKN,79,25.7,9.5,3.1,7.8,39.7,1.5,4.6,33.7,1.7,2.1,81.8,3.4,1.8,0.5,0.1,1.0,0,0
Anthony Black,ORL,78,24.2,9.4,3.4,7.9,42.3,0.8,2.5,31.8,1.9,2.5,76.1,2.9,3.1,1.1,0.6,1.8,1,0
Nickeil Alexander-Walker,MIN,82,25.3,9.4,3.3,7.5,43.8,1.7,4.5,38.1,1.1,1.4,78.0,3.2,2.7,0.6,0.4,1.2,1,0
Cole Anthony,ORL,67,18.4,9.4,3.4,8.1,42.4,1.1,3.3,35.3,1.4,1.7,82.3,3.0,2.9,0.7,0.5,1.5,0,0
Kel'el Ware,MIA,64,22.2,9.3,4.0,7.3,55.4,0.5,1.7,31.5,0.7,1.0,68.7,7.4,0.9,0.6,1.1,0.9,15,0
Zach Edey,MEM,66,21.5,9.2,3.8,6.6,58.0,0.3,0.8,34.6,1.4,1.9,70.9,8.3,1.0,0.5,1.3,1.3,12,0
T.J. McConnell,IND,79,17.9,9.1,4.1,7.9,51.9,0.2,0.6,30.6,0.7,1.0,74.0,2.4,4.4,1.1,0.3,1.4,2,0
Yves Missi,NO,73,26.8,9.1,3.7,6.7,54.7,0.0,0.0,0.0,1.7,2.8,62.3,8.2,1.4,0.5,1.3,1.1,14,0
Wendell Carter,ORL,68,25.9,9.1,3.3,7.2,46.0,0.5,2.3,23.4,1.9,2.6,73.7,7.2,2.0,0.8,0.6,1.1,10,0
Royce O'Neale,PHX,75,24.5,9.1,3.2,7.6,42.3,2.4,5.9,40.6,0.3,0.3,73.1,4.7,2.2,0.9,0.5,0.9,1,0
Dalton Knecht,LAL,78,19.2,9.1,3.3,7.1,46.1,1.6,4.4,37.6,0.8,1.1,76.2,2.8,0.8,0.3,0.1,0.5,0,0
Julian Strawther,DEN,65,21.3,9.0,3.2,7.5,43.2,1.4,4.1,34.9,1.1,1.4,82.2,2.2,1.3,0.6,0.2,0.9,0,0
Jared Butler,WSH/PHI,60,17.4,9.0,3.4,7.6,44.8,1.0,2.8,35.5,1.3,1.5,82.4,1.8,3.7,0.7,0.2,1.3,1,0
Draymond Green,GS,68,29.2,9.0,3.2,7.5,42.4,1.2,3.6,32.5,1.5,2.2,68.7,6.1,5.6,1.5,1.0,2.6,6,1
Patrick Williams,CHI,63,25.0,9.0,3.3,8.2,39.7,1.5,4.3,35.3,1.0,1.3,72.3,3.8,2.0,0.8,0.5,1.4,1,0
Al Horford,BOS,60,27.7,9.0,3.3,7.7,42.3,1.9,5.2,36.3,0.6,0.6,89.5,6.2,2.1,0.6,0.9,0.8,7,0
Johnny Juzang,UTAH,64,19.8,8.9,3.2,7.4,42.9,1.8,4.9,37.6,0.7,0.8,84.9,2.9,1.1,0.6,0.1,0.6,0,0
Luke Kennard,MEM,65,22.6,8.9,3.2,6.6,47.8,1.7,4.0,43.3,0.8,0.9,89.5,2.8,3.3,0.8,0.1,1.1,0,0
Chris Paul,SA,82,28.0,8.8,3.0,7.1,42.7,1.7,4.5,37.7,1.0,1.1,92.4,3.6,7.4,1.3,0.3,1.6,12,0
Justin Champagnie,WSH,62,21.6,8.8,3.4,6.6,51.1,1.2,3.1,38.3,0.8,1.2,68.5,5.7,1.0,1.0,0.6,0.9,8,0
Kentavious Caldwell-Pope,ORL,77,29.6,8.7,3.1,7.1,43.9,1.5,4.3,34.2,1.1,1.2,86.3,2.2,1.8,1.3,0.4,0.8,0,0
Tyrese Martin,BKN,60,21.9,8.7,3.2,7.8,40.6,1.7,4.7,35.1,0.8,1.0,79.3,3.7,2.0,0.6,0.2,1.2,1,0
Dorian Finney-Smith,LAL/BKN,63,28.9,8.7,3.1,6.9,44.8,2.0,5.0,41.1,0.5,0.7,66.7,3.9,1.4,0.9,0.4,0.9,0,0
Kyshawn George,WSH,68,26.5,8.7,3.0,8.0,37.2,1.7,5.2,32.2,1.0,1.4,75.3,4.2,2.5,1.0,0.7,1.4,1,0
Isaiah Collier,UTAH,71,25.9,8.7,3.3,7.8,42.2,0.6,2.4,24.9,1.5,2.2,68.2,3.3,6.3,0.9,0.2,2.9,11,0
Jaime Jaquez,MIA,66,20.7,8.6,3.2,7.0,46.1,0.6,1.8,31.1,1.6,2.2,75.4,4.4,2.5,0.9,0.2,1.5,3,1
Matas Buzelis,CHI,80,18.9,8.6,3.2,6.9,45.4,1.2,3.3,36.1,1.1,1.4,81.5,3.5,1.0,0.4,0.9,0.9,1,0
Sam Hauser,BOS,71,21.7,8.5,3.0,6.7,45.1,2.3,5.6,41.6,0.2,0.2,100.0,3.2,0.9,0.6,0.2,0.3,0,0
Cason Wallace,OKC,68,27.6,8.4,3.4,7.2,47.4,1.1,3.1,35.6,0.4,0.5,81.1,3.4,2.5,1.8,0.5,0.9,0,0
Brandon Clarke,MEM,64,18.9,8.3,3.7,5.9,62.1,0.0,0.3,5.9,1.0,1.4,70.1,5.1,1.0,0.8,0.6,0.6,2,0
Dalano Banton,POR,67,16.7,8.3,3.0,7.6,39.1,1.1,3.3,32.4,1.4,1.9,72.8,2.0,2.4,0.6,0.5,1.3,0,0
Keon Ellis,SAC,80,24.4,8.3,2.8,5.8,48.9,1.7,4.0,43.3,0.9,1.1,84.9,2.7,1.5,1.5,0.8,0.9,0,0
Taurean Prince,MIL,80,27.1,8.2,2.9,6.4,45.7,1.8,4.2,43.9,0.5,0.6,81.3,3.6,1.9,1.0,0.2,1.0,1,0
Mike Conley,MIN,71,24.7,8.2,2.6,6.6,40.0,1.8,4.4,41.0,1.1,1.3,90.0,2.6,4.5,1.1,0.2,1.1,1,0
Jalen Smith,CHI,64,15.0,8.2,3.0,6.4,46.6,1.1,3.5,32.4,1.1,1.4,80.9,5.6,1.0,0.3,0.7,0.6,4,0
Peyton Watson,DEN,68,24.4,8.1,3.0,6.3,47.7,0.7,2.0,35.3,1.4,2.0,69.3,3.4,1.4,0.7,1.4,0.8,0,0
Davion Mitchell,MIA/TOR,74,27.4,7.9,3.0,6.4,46.8,1.1,2.9,39.8,0.8,1.1,69.0,2.3,4.9,1.0,0.2,1.7,1,0
Terance Mann,LAC/ATL,67,21.1,7.7,3.1,6.2,49.6,0.9,2.4,36.8,0.7,1.0,69.1,3.0,1.8,0.7,0.2,0.7,0,0
Josh Green,CHA,68,27.8,7.4,2.6,6.2,42.8,1.4,3.6,39.1,0.7,1.1,68.1,2.5,1.6,1.1,0.2,1.0,0,0
AJ Green,MIL,73,22.7,7.4,2.5,5.8,42.9,2.1,5.0,42.7,0.3,0.4,81.5,2.4,1.5,0.5,0.1,0.5,0,0
Ricky Council,PHI,73,17.1,7.3,2.4,6.3,38.2,0.8,2.9,25.8,1.7,2.1,80.4,2.9,1.3,0.4,0.2,0.7,3,0
Tristan da Silva,ORL,74,22.0,7.2,2.7,6.5,41.2,1.1,3.2,33.5,0.7,0.9,87.3,3.3,1.5,0.4,0.2,0.8,1,0
Goga Bitadze,ORL,70,20.4,7.2,3.0,4.8,61.1,0.0,0.4,10.7,1.2,1.9,63.9,6.6,2.0,0.7,1.4,1.0,15,0
Sam Merrill,CLE,71,19.7,7.2,2.4,6.0,40.6,1.9,5.2,37.2,0.4,0.4,96.6,2.2,1.5,0.7,0.2,0.5,0,0
Jamal Shead,TOR,75,19.6,7.1,2.7,6.7,40.5,1.0,3.0,32.3,0.7,0.9,76.8,1.5,4.2,0.8,0.1,1.6,1,0
Jamison Battle,TOR,59,17.7,7.1,2.5,5.9,42.9,1.8,4.4,40.5,0.3,0.3,88.9,2.7,0.9,0.3,0.2,0.5,0,0
Cameron Payne,NY,72,15.1,6.9,2.5,6.2,40.1,1.3,3.6,36.3,0.7,0.8,90.7,1.4,2.8,0.5,0.2,0.7,0,0
Jake LaRavia,SAC/MEM,66,20.4,6.9,2.4,5.1,47.5,0.9,2.2,42.3,1.2,1.7,67.8,3.9,2.4,0.9,0.3,1.3,2,0
Ryan Dunn,PHX,74,19.1,6.9,2.8,6.4,43.0,1.1,3.6,31.1,0.3,0.5,48.7,3.6,0.8,0.6,0.5,0.5,3,0
Jay Huff,MEM,64,11.7,6.9,2.5,4.8,51.5,1.3,3.1,40.5,0.7,0.9,78.6,2.0,0.6,0.3,0.9,0.5,0,0
Trayce Jackson-Davis,GS,62,15.6,6.6,2.8,4.9,57.6,0.0,0.0,0.0,1.0,1.6,57.8,5.0,1.7,0.4,0.6,0.7,4,0
Trey Lyles,SAC,69,19.6,6.5,2.3,5.4,42.0,1.2,3.4,34.0,0.8,1.2,70.0,4.6,1.2,0.6,0.3,0.6,1,0
Talen Horton-Tucker,CHI,58,12.5,6.5,2.3,5.0,45.7,0.7,2.1,33.6,1.2,1.7,73.5,1.7,1.4,0.4,0.2,0.7,0,0
Seth Curry,CHA,68,15.6,6.5,2.4,5.0,47.8,1.2,2.7,45.6,0.5,0.6,84.6,1.7,0.9,0.4,0.1,0.5,0,0
Donovan Clingan,POR,67,19.8,6.5,2.7,5.0,53.9,0.2,0.7,28.6,0.9,1.6,59.6,7.9,1.1,0.5,1.6,1.1,8,0
Thomas Bryant,IND/MIA,66,14.6,6.5,2.5,4.9,50.8,0.7,2.2,32.4,0.8,1.0,85.9,3.8,0.8,0.4,0.6,0.5,1,0
Haywood Highsmith,MIA,74,24.6,6.5,2.4,5.3,45.8,1.2,3.1,38.2,0.4,0.6,72.1,3.4,1.5,0.9,0.5,0.7,0,0
Gary Payton,GS,62,15.0,6.5,2.8,4.8,57.4,0.5,1.5,32.6,0.4,0.6,71.1,3.0,1.3,0.8,0.3,0.6,0,0
Ronald Holland,DET,81,15.6,6.4,2.4,5.1,47.4,0.4,1.9,23.8,1.1,1.5,75.4,2.7,1.0,0.6,0.2,0.9,0,0
Kris Dunn,LAC,74,24.1,6.4,2.6,5.9,43.9,1.0,3.0,33.5,0.2,0.3,68.2,3.4,2.8,1.7,0.4,1.0,0,0
Gabe Vincent,LAL,72,21.2,6.4,2.3,5.8,40.0,1.5,4.3,35.3,0.2,0.3,71.4,1.3,1.4,0.7,0.2,0.6,0,0
Zach Collins,SA/CHI,64,15.3,6.4,2.4,4.7,50.7,0.5,1.7,30.2,1.1,1.2,88.5,4.5,1.7,0.5,0.5,0.9,4,0
Jeremiah Robinson-Earl,NO,66,18.8,6.3,2.4,5.3,45.5,0.8,2.5,34.1,0.7,0.8,83.6,4.8,1.3,0.6,0.1,0.8,4,0
Kenrich Williams,OKC,69,16.4,6.3,2.5,5.1,48.3,1.0,2.5,38.6,0.4,0.6,71.8,3.5,1.4,0.6,0.1,0.6,2,0
Sandro Mamukelashvili,SA,61,11.2,6.3,2.3,4.6,50.2,1.0,2.6,37.3,0.7,1.0,74.1,3.1,0.8,0.3,0.3,0.4,2,0
Jonathan Mogbo,TOR,63,20.4,6.2,2.5,5.7,43.8,0.3,1.1,24.3,1.0,1.3,73.2,4.9,2.3,0.9,0.5,1.1,3,1
Jarace Walker,IND,75,15.8,6.1,2.3,4.8,47.2,1.0,2.5,40.5,0.6,0.9,66.7,3.1,1.5,0.7,0.3,1.0,0,0
Isaiah Stewart,DET,72,19.9,6.0,2.4,4.4,55.9,0.2,0.7,32.1,0.9,1.2,75.9,5.5,1.7,0.4,1.4,0.9,2,0
Luke Kornet,BOS,73,18.6,6.0,2.6,3.8,66.8,0.0,0.0,0.0,0.9,1.3,69.1,5.3,1.6,0.5,1.0,0.4,3,0
Simone Fontecchio,DET,75,16.5,5.9,2.0,5.0,40.2,1.0,3.0,33.5,0.9,1.1,83.3,2.9,0.9,0.4,0.2,0.7,0,0
Tidjane Salaun,CHA,60,20.7,5.9,1.9,5.8,33.0,1.0,3.4,28.3,1.1,1.6,71.3,4.7,1.2,0.5,0.2,1.0,2,0
Kyle Anderson,MIA/GS,61,16.4,5.9,2.3,5.0,46.9,0.4,1.1,35.7,0.8,1.1,73.8,3.4,2.4,0.7,0.5,0.6,2,0
Adem Bona,PHI,58,15.6,5.8,2.3,3.3,70.3,0.0,0.0,0.0,1.2,1.7,67.0,4.2,0.5,0.4,1.2,1.1,3,0
Moussa Diabate,CHA,71,17.5,5.7,2.4,3.9,59.6,0.0,0.1,0.0,1.0,1.6,59.5,6.2,0.8,0.6,0.6,0.9,7,0
Aaron Holiday,HOU,62,12.8,5.5,1.9,4.3,43.7,1.2,2.9,39.8,0.5,0.7,82.9,1.3,1.3,0.3,0.2,0.6,0,0
Dean Wade,CLE,59,21.2,5.4,1.9,4.6,41.3,1.4,3.8,36.0,0.3,0.5,53.3,4.2,1.3,0.7,0.3,0.4,1,0
Jonathan Isaac,ORL,71,15.4,5.4,1.9,4.6,41.4,0.5,2.1,25.8,1.0,1.5,68.2,4.4,0.6,0.9,1.1,0.5,2,0
Ben Sheppard,IND,63,19.5,5.3,1.9,4.6,41.8,1.1,3.2,34.2,0.4,0.4,88.9,2.8,1.3,0.6,0.2,0.3,0,0
Jabari Walker,POR,60,12.5,5.2,2.0,3.8,51.5,0.5,1.2,38.9,0.8,1.2,69.0,3.5,0.6,0.6,0.1,0.6,1,0
Javonte Green,NO/CLE,68,18.5,5.1,1.8,4.2,42.9,0.7,2.1,32.6,0.8,1.1,72.4,3.2,0.8,1.0,0.5,0.5,0,0
Neemias Queta,BOS,62,13.9,5.0,2.1,3.3,65.0,0.0,0.0,0.0,0.7,1.0,75.4,3.8,0.7,0.3,0.7,0.6,0,0
Julian Phillips,CHI,79,14.2,4.6,1.6,3.6,44.6,0.6,1.9,32.7,0.8,1.0,78.9,2.1,0.5,0.5,0.3,0.3,0,0
Drew Eubanks,LAC/UTAH,61,12.2,4.6,1.9,3.2,59.3,0.0,0.1,50.0,0.8,1.2,66.2,3.7,0.9,0.2,0.6,0.7,0,0
Kevon Looney,GS,76,15.0,4.5,1.9,3.7,51.4,0.0,0.1,40.0,0.7,1.3,56.6,6.1,1.6,0.6,0.5,0.5,2,0
Mason Plumlee,PHX,74,17.6,4.5,1.7,2.7,61.9,0.0,0.1,0.0,1.1,1.7,64.8,6.1,1.8,0.4,0.6,0.8,2,0
Dalen Terry,CHI,73,13.5,4.5,1.6,3.7,44.8,0.5,1.4,35.6,0.7,0.9,71.0,1.7,1.3,0.6,0.2,0.7,0,0
Jett Howard,ORL,60,11.7,4.5,1.6,4.4,37.4,0.9,3.1,29.6,0.3,0.4,69.6,1.2,0.7,0.2,0.2,0.6,0,0
Oso Ighodaro,PHX,61,17.1,4.2,1.9,3.1,60.4,0.0,0.0,0.0,0.5,0.8,58.0,3.6,1.2,0.5,0.5,0.6,0,0
Kris Murray,POR,69,15.1,4.2,1.7,4.0,41.9,0.4,1.7,22.5,0.4,0.8,45.6,2.6,1.0,0.5,0.2,0.6,1,0
Caleb Houstan,ORL,58,13.6,4.1,1.4,3.3,42.1,1.1,2.8,40.0,0.3,0.3,88.2,1.3,0.6,0.4,0.1,0.2,0,0
Nicolas Batum,LAC,78,17.5,4.0,1.3,3.1,43.7,1.1,2.6,43.3,0.2,0.3,81.0,2.8,1.1,0.7,0.5,0.4,0,0
Steven Adams,HOU,58,13.7,3.9,1.6,2.9,54.5,0.0,0.0,0.0,0.7,1.6,46.2,5.6,1.1,0.4,0.5,0.9,3,0
Blake Wesley,SA,58,11.8,3.7,1.4,3.2,43.5,0.3,1.0,29.3,0.7,1.1,62.3,1.1,2.0,0.6,0.1,0.9,0,0
Andre Jackson,MIL,67,14.6,3.4,1.4,2.9,47.7,0.4,1.1,39.5,0.2,0.4,50.0,2.7,1.2,0.5,0.2,0.9,0,0
Luka Doncic,LAL/DAL,50,35.4,28.2,9.2,20.5,45.0,3.5,9.6,36.8,6.2,7.9,78.2,8.2,7.7,1.8,0.4,3.6,21,5
Tyrese Maxey,PHI,52,37.7,26.3,9.2,21.0,43.7,3.1,9.2,33.7,4.9,5.6,87.9,3.3,6.1,1.8,0.4,2.4,8,1
Paolo Banchero,ORL,46,34.4,25.9,9.0,19.8,45.2,1.9,5.9,32.0,6.1,8.4,72.7,7.5,4.8,0.8,0.6,3.0,11,0
LaMelo Ball,CHA,47,32.0,25.2,8.6,21.3,40.5,3.8,11.2,33.9,4.1,4.9,84.3,4.9,7.4,1.1,0.3,3.6,13,0
Anthony Davis,LAL/DAL,51,33.4,24.7,9.2,17.8,51.6,0.7,2.4,28.2,5.6,7.2,77.5,11.6,3.5,1.2,2.2,2.2,36,1
Kyrie Irving,DAL,50,36.1,24.7,8.9,18.9,47.3,2.9,7.2,40.1,3.9,4.3,91.6,4.8,4.6,1.3,0.5,2.2,0,0
Zion Williamson,NO,30,28.6,24.6,9.6,16.9,56.7,0.1,0.4,23.1,5.3,8.0,65.6,7.2,5.3,1.2,0.9,3.0,8,2
Victor Wembanyama,SA,46,33.2,24.3,8.9,18.6,47.6,3.1,8.8,35.2,3.4,4.1,83.6,11.0,3.7,1.1,3.8,3.2,28,1
Cam Thomas,BKN,25,31.2,24.0,8.0,18.2,43.8,2.7,7.8,34.9,5.3,6.0,88.1,3.3,3.8,0.6,0.1,2.5,1,0
Joel Embiid,PHI,19,30.2,23.8,7.4,16.6,44.4,1.2,4.1,29.9,7.8,8.9,88.2,8.2,4.5,0.7,0.9,3.3,7,1
Ja Morant,MEM,50,30.4,23.2,8.1,17.8,45.4,1.8,5.7,30.9,5.3,6.4,82.4,4.1,7.3,1.2,0.2,3.7,13,1
Brandon Ingram,NO/TOR,18,33.1,22.2,8.6,18.5,46.5,2.4,6.4,37.4,2.6,3.1,85.5,5.6,5.2,0.9,0.6,3.8,0,0
Kawhi Leonard,LAC,37,31.9,21.5,8.4,16.8,49.8,2.1,5.1,41.1,2.6,3.3,81.0,5.9,3.1,1.6,0.5,1.9,5,0
Trey Murphy,NO,53,35.0,21.2,7.2,15.8,45.4,3.0,8.3,36.1,3.8,4.3,88.7,5.1,3.5,1.1,0.7,1.9,2,0
CJ McCollum,NO,56,32.7,21.1,7.9,17.9,44.4,3.1,8.2,37.3,2.2,3.1,71.7,3.8,4.1,0.8,0.4,1.9,0,0
Brandon Miller,CHA,27,34.2,21.0,7.3,18.2,40.3,3.9,10.9,35.5,2.5,2.9,86.1,4.9,3.6,1.1,0.7,2.8,2,0
Kristaps Porzingis,BOS,42,28.8,19.5,6.6,13.7,48.3,2.5,6.0,41.2,3.8,4.7,80.9,6.8,2.1,0.7,1.5,1.3,6,0
Lauri Markkanen,UTAH,47,31.4,19.0,6.3,14.9,42.3,2.9,8.5,34.6,3.4,3.9,87.6,5.9,1.5,0.7,0.4,1.4,5,0
John Collins,UTAH,40,30.5,19.0,7.0,13.3,52.7,1.5,3.7,39.9,3.5,4.1,84.8,8.2,2.0,1.0,1.0,2.6,13,0
Jalen Johnson,ATL,36,35.7,18.9,7.5,15.1,50.0,1.2,3.9,31.2,2.6,3.5,74.6,10.0,5.0,1.6,1.0,2.9,20,1
Cameron Johnson,BKN,57,31.6,18.8,6.2,13.1,47.5,2.8,7.2,39.0,3.5,3.9,89.3,4.3,3.4,0.9,0.4,1.7,2,0
Jaden Ivey,DET,30,29.9,17.6,6.3,13.8,46.0,2.1,5.1,40.9,2.8,3.9,73.3,4.1,4.0,0.9,0.4,3.0,0,0
Jimmy Butler,MIA/GS,55,31.7,17.5,5.5,10.9,50.4,0.6,1.9,30.8,6.0,7.1,84.2,5.4,5.4,1.4,0.3,1.3,6,3
Dejounte Murray,NO,31,32.6,17.5,6.3,15.9,39.3,1.7,5.6,29.9,3.3,4.0,82.3,6.5,7.4,2.0,0.4,3.4,8,1
Immanuel Quickley,TOR,33,27.8,17.1,5.6,13.3,42.0,2.6,6.8,37.8,3.4,3.9,86.7,3.5,5.8,0.7,0.1,1.8,2,0
Bradley Beal,PHX,53,32.1,17.0,6.5,13.1,49.7,1.9,5.0,38.6,2.1,2.6,80.3,3.3,3.7,1.1,0.5,1.9,1,0
Paul George,PHI,41,32.5,16.2,6.0,13.9,43.0,2.3,6.5,35.8,1.9,2.4,81.4,5.3,4.3,1.8,0.5,2.6,3,0
Jordan Clarkson,UTAH,37,26.0,16.2,5.4,13.3,40.8,2.3,6.3,36.2,3.1,3.9,79.7,3.2,3.7,0.8,0.2,2.3,0,0
Jalen Suggs,ORL,35,28.6,16.2,5.6,13.7,41.0,2.2,6.9,31.4,2.8,3.1,88.2,4.0,3.7,1.5,0.9,2.9,0,0
Jared McCain,PHI,23,25.7,15.3,5.5,11.9,46.0,2.2,5.8,38.3,2.1,2.4,87.5,2.4,2.6,0.7,0.0,1.6,1,0
Jonathan Kuminga,GS,47,24.3,15.3,5.5,12.1,45.4,1.0,3.2,30.5,3.3,5.0,66.8,4.6,2.2,0.8,0.4,1.5,2,0
Mark Williams,CHA,44,26.6,15.3,6.1,10.2,60.4,0.0,0.1,0.0,3.0,3.7,80.4,10.2,2.5,0.7,1.2,1.6,21,0
Chet Holmgren,OKC,32,27.4,15.0,5.2,10.7,49.0,1.4,3.6,37.9,3.2,4.2,75.4,8.0,2.0,0.7,2.2,1.8,11,0
Aaron Gordon,DEN,51,28.4,14.7,5.2,9.7,53.1,1.5,3.4,43.6,2.8,3.5,81.0,4.8,3.2,0.5,0.3,1.4,3,0
P.J. Washington,DAL,57,32.2,14.7,5.3,11.7,45.3,1.6,4.2,38.1,2.5,3.5,72.2,7.8,2.3,1.1,1.1,2.1,14,0
Jakob Poeltl,TOR,57,29.6,14.5,6.4,10.2,62.7,0.0,0.1,33.3,1.7,2.5,67.4,9.6,2.8,1.2,1.2,1.9,23,0
Jerami Grant,POR,47,32.4,14.4,4.6,12.2,37.3,2.3,6.3,36.5,3.0,3.5,84.9,3.5,2.1,0.9,1.0,1.4,0,0
Deandre Ayton,POR,40,30.2,14.4,6.6,11.7,56.6,0.2,0.8,18.8,1.0,1.5,66.7,10.2,1.6,0.8,1.0,1.7,20,0
Gradey Dick,TOR,54,29.4,14.4,4.9,12.0,41.0,2.1,6.0,35.0,2.5,2.9,85.8,3.6,1.8,0.9,0.2,1.5,0,0
Tre Mann,CHA,13,24.5,14.1,5.4,12.4,43.5,1.8,4.6,40.0,1.5,1.6,90.5,2.9,3.0,0.5,0.3,1.9,0,0
Tolu Smith,DET,1,22.0,14.0,6.0,9.0,66.7,0.0,0.0,0.0,2.0,3.0,66.7,8.0,0.0,0.0,0.0,2.0,0,0
Bobby Portis,MIL,49,25.4,13.9,5.7,12.1,46.6,1.3,3.6,36.5,1.2,1.5,83.6,8.4,2.1,0.7,0.5,1.2,11,0
Moritz Wagner,ORL,30,18.8,12.9,4.7,8.3,56.2,0.9,2.5,36.0,2.6,3.7,71.8,4.9,1.4,0.8,0.4,1.6,1,0
Malcolm Brogdon,WSH,24,23.5,12.7,4.3,10.0,43.3,0.7,2.3,28.6,3.4,3.8,88.0,3.8,4.1,0.5,0.2,1.6,2,0
Lonnie Walker,PHI,20,23.9,12.4,4.5,10.6,42.0,2.3,6.4,35.4,1.2,1.5,80.0,3.2,2.5,0.5,0.3,1.3,1,0
Ayo Dosunmu,CHI,46,30.3,12.3,4.8,9.8,49.2,1.3,4.1,32.8,1.3,1.7,78.5,3.5,4.5,0.9,0.4,1.5,1,1
Daniel Gafford,DAL,57,21.5,12.3,5.0,7.1,70.2,0.0,0.0,0.0,2.4,3.4,68.9,6.8,1.4,0.4,1.8,1.2,8,0
Jabari Smith,HOU,57,30.1,12.2,4.4,9.9,43.8,1.7,4.9,35.4,1.8,2.2,82.5,7.0,1.1,0.4,0.7,1.1,8,0
Drew Timme,BKN,9,28.2,12.1,5.0,11.3,44.1,1.0,3.9,25.7,1.1,1.8,62.5,7.2,2.2,0.4,0.1,1.7,3,0
Tari Eason,HOU,57,24.9,12.0,4.8,9.8,48.7,1.1,3.2,34.2,1.4,1.8,76.0,6.4,1.5,1.7,0.9,1.1,6,0
Aaron Nesmith,IND,45,24.9,12.0,4.3,8.4,50.7,1.9,4.3,43.1,1.6,1.8,91.3,4.0,1.2,0.8,0.4,0.8,0,0
Khris Middleton,MIL/WSH,37,22.8,11.9,4.3,9.1,47.5,1.3,3.6,36.1,1.9,2.3,85.7,3.7,4.1,0.9,0.2,1.5,0,0
Jeremy Sochan,SA,54,25.3,11.4,4.6,8.7,53.5,0.5,1.7,30.8,1.6,2.3,69.6,6.5,2.4,0.8,0.5,1.6,8,0
Isaiah Hartenstein,OKC,57,27.9,11.2,4.9,8.4,58.1,0.0,0.3,0.0,1.4,2.1,67.5,10.7,3.8,0.8,1.1,1.7,28,0
Bogdan Bogdanovic,ATL/LAC,54,25.0,10.8,3.9,9.1,42.7,1.9,5.4,36.3,1.1,1.2,87.9,2.9,2.7,0.8,0.2,1.4,1,0
Jordan Hawkins,NO,56,23.6,10.8,3.7,9.9,37.2,2.0,5.9,33.1,1.4,1.8,81.6,2.8,1.2,0.5,0.4,1.0,0,0
Nikola Jovic,MIA,46,25.1,10.7,3.7,8.2,45.6,1.7,4.6,37.1,1.6,1.9,82.8,3.9,2.8,0.8,0.3,1.3,0,0
Brandon Boston,NO,42,23.6,10.7,4.0,9.1,43.6,1.2,3.3,35.0,1.6,2.0,78.8,3.2,2.2,1.3,0.2,1.2,0,0
Grant Williams,CHA,16,29.9,10.4,3.4,7.7,43.9,1.7,4.6,36.5,1.9,2.3,83.8,5.1,2.3,1.1,0.8,1.8,0,0
Jose Alvarado,NO,56,24.4,10.3,3.6,9.3,39.2,2.0,5.5,35.9,1.1,1.3,81.1,2.4,4.6,1.3,0.3,1.5,2,0
De'Anthony Melton,BKN/GS,6,20.2,10.3,3.7,9.0,40.7,2.2,5.8,37.1,0.8,1.3,62.5,3.3,2.8,1.2,0.3,1.7,1,0
Herbert Jones,NO,20,32.4,10.3,3.8,8.6,43.6,1.1,3.6,30.6,1.7,2.0,82.5,3.9,3.3,1.9,0.5,1.8,0,0
Trendon Watford,BKN,44,20.8,10.2,3.7,8.0,46.9,0.7,2.0,33.0,2.1,2.8,76.2,3.6,2.6,0.6,0.3,1.9,1,0
Keion Brooks,NO,14,23.7,10.1,3.8,7.8,48.6,1.0,3.1,32.6,1.6,2.1,73.3,4.1,0.9,0.7,0.7,0.9,1,0
Justin Edwards,PHI,44,26.3,10.1,3.9,8.6,45.5,1.6,4.3,36.3,0.7,1.0,69.6,3.4,1.6,1.0,0.4,1.1,1,0
Chris Boucher,TOR,50,17.2,10.0,3.6,7.4,49.2,1.4,3.9,36.3,1.4,1.7,78.2,4.5,0.7,0.5,0.5,0.6,3,0
Tosan Evbuomwan,BKN,28,23.8,9.5,3.4,7.9,42.7,0.9,2.8,31.2,2.0,2.6,75.3,4.3,2.0,0.9,0.4,1.4,0,0
Tristan Vukcevic,WSH,35,14.7,9.4,3.4,6.9,49.6,1.1,2.9,37.3,1.5,1.9,77.6,3.7,1.1,0.3,0.7,1.2,1,0
Max Strus,CLE,50,25.5,9.4,3.3,7.5,44.2,2.3,5.9,38.6,0.6,0.7,82.4,4.3,3.2,0.5,0.2,1.1,0,0
Cam Whitmore,HOU,51,16.2,9.4,3.5,7.9,44.4,1.3,3.6,35.5,1.1,1.4,75.0,3.0,1.0,0.6,0.3,0.9,2,0
Nick Richards,CHA/PHX,57,22.0,9.3,3.6,6.1,59.1,0.0,0.0,0.0,2.1,2.8,74.4,8.2,0.9,0.2,1.0,1.4,16,0
Noah Clowney,BKN,46,22.7,9.1,2.9,8.1,35.8,1.9,5.7,33.3,1.5,1.7,83.8,3.9,0.9,0.5,0.5,1.0,0,0
A.J. Lawson,TOR,26,18.7,9.1,3.1,7.3,42.1,1.3,3.9,32.7,1.7,2.4,68.3,3.3,1.2,0.5,0.2,0.6,2,0
Killian Hayes,BKN,6,27.0,9.0,3.0,7.2,41.9,1.3,3.5,38.1,1.7,2.0,83.3,3.0,5.2,0.7,0.7,1.5,0,0
Marcus Smart,WSH/MEM,34,20.0,9.0,3.0,7.6,39.3,1.4,4.1,34.8,1.6,2.1,76.1,2.1,3.2,1.1,0.3,1.6,0,0
Jusuf Nurkic,CHA/PHX,51,20.8,8.9,3.3,6.9,47.7,0.6,2.1,30.5,1.7,2.5,66.4,7.8,2.3,0.8,0.7,1.9,10,0
Clint Capela,ATL,55,21.4,8.9,4.0,7.1,55.9,0.0,0.0,0.0,0.9,1.8,53.6,8.5,1.1,0.6,1.0,0.9,11,0
Svi Mykhailiuk,UTAH,38,20.0,8.8,3.1,7.9,39.1,1.8,5.3,34.5,0.7,0.9,80.0,2.4,2.0,0.5,0.2,1.4,0,0
Kelly Olynyk,NO/TOR,44,20.3,8.7,3.0,6.1,50.0,0.8,1.8,41.8,1.9,2.5,76.9,4.7,2.9,0.8,0.4,1.7,2,0
Dereck Lively,DAL,36,23.1,8.7,3.7,5.3,70.2,0.0,0.0,0.0,1.3,2.0,63.0,7.5,2.4,0.6,1.6,1.1,8,0
Jaden Hardy,DAL,57,15.9,8.7,3.2,7.3,43.5,1.3,3.5,38.6,1.1,1.5,69.8,1.6,1.4,0.5,0.1,1.4,0,0
Dante Exum,DAL,20,18.6,8.7,3.2,6.7,47.8,1.2,2.7,43.4,1.2,1.6,74.2,1.7,2.8,0.6,0.2,1.1,0,0
Oshae Brissett,PHI,6,23.7,8.7,3.2,6.5,48.7,1.0,3.0,33.3,1.3,2.3,57.1,3.7,0.7,0.7,0.5,1.3,0,0
Ja'Kobe Walter,TOR,52,21.2,8.6,3.1,7.6,40.5,1.3,3.6,34.9,1.3,1.6,79.5,3.1,1.6,0.8,0.2,1.0,1,0
Larry Nance,ATL,24,19.3,8.5,3.3,6.5,51.6,1.4,3.2,44.7,0.4,0.5,69.2,4.3,1.6,0.8,0.5,0.7,3,0
Jared Rhoden,TOR/CHA,14,16.1,8.4,3.0,6.2,48.3,0.9,2.8,30.8,1.6,1.8,88.0,3.0,1.1,0.7,0.1,0.6,1,0
Jaylen Nowell,NO/WSH,8,21.0,8.4,3.3,9.1,35.6,1.0,3.4,29.6,0.9,1.4,63.6,2.5,2.3,0.1,0.5,1.0,0,0
Brandon Williams,DAL,33,14.8,8.3,3.0,5.7,52.1,0.7,1.8,40.0,1.7,2.0,83.3,1.8,2.3,0.7,0.2,1.2,0,0
Bruce Brown,NO/TOR,41,22.5,8.3,3.2,7.5,42.1,0.7,2.0,33.3,1.3,1.6,81.5,4.0,2.0,0.8,0.2,1.0,0,0
Quinten Post,GS,42,16.3,8.1,2.9,6.5,44.9,1.7,4.3,40.8,0.5,0.6,77.8,3.5,1.3,0.4,0.4,0.8,0,0
Day'Ron Sharpe,BKN,50,18.1,7.9,3.3,6.3,52.0,0.2,0.9,24.4,1.1,1.5,75.7,6.6,1.8,0.8,0.8,1.3,4,0
Caleb Martin,DAL/PHI,45,27.1,7.9,2.9,6.8,42.4,0.8,2.3,35.9,1.4,2.2,62.2,3.9,2.1,1.0,0.5,1.2,1,0
Tyson Etienne,BKN,7,21.6,7.9,2.4,7.4,32.7,1.9,6.3,29.5,1.1,1.4,80.0,1.3,1.7,0.4,0.1,1.1,0,0
KJ Simpson,CHA,36,23.4,7.8,2.9,8.4,34.6,0.9,3.6,25.4,1.1,1.4,82.0,3.0,3.1,0.9,0.2,1.6,0,0
Karlo Matkovic,NO,42,18.8,7.7,3.2,5.6,57.4,0.5,1.6,31.8,0.8,1.0,77.3,5.0,1.1,0.5,1.0,1.0,4,0
Oscar Tshiebwe,UTAH,14,18.2,7.6,3.0,5.0,60.0,0.0,0.0,0.0,1.6,2.2,74.2,8.7,0.6,0.9,0.1,0.7,4,0
Lonzo Ball,CHI,35,22.2,7.6,2.5,6.9,36.6,1.9,5.6,34.4,0.6,0.8,81.5,3.4,3.3,1.3,0.5,1.2,0,0
AJ Johnson,MIL/WSH,29,22.0,7.6,2.8,7.3,38.5,0.8,3.1,26.7,1.1,1.3,86.5,2.0,2.6,0.4,0.1,1.2,0,0
Garrison Mathews,ATL,47,17.7,7.5,2.2,5.5,39.7,1.8,4.6,39.0,1.4,1.7,82.1,1.9,1.3,0.6,0.3,0.7,0,0
Matisse Thybulle,POR,15,20.8,7.5,2.8,5.9,47.7,1.4,3.2,43.8,0.5,1.0,46.7,3.5,1.9,2.2,0.6,0.9,0,0
Richaun Holmes,WSH,31,17.2,7.4,2.9,4.5,64.7,0.0,0.1,0.0,1.6,1.9,83.3,5.7,1.4,0.3,0.7,0.7,3,0
Andre Drummond,PHI,40,18.8,7.3,2.9,5.9,50.0,0.1,0.5,15.0,1.4,2.3,62.2,7.8,0.9,1.0,0.5,1.4,5,0
Damion Baugh,CHA,15,24.7,7.3,2.8,8.7,32.3,0.8,3.7,21.4,0.9,1.0,86.7,3.3,3.7,1.0,0.1,2.1,0,0
Alec Burks,MIA,49,17.6,7.3,2.3,5.5,42.4,1.8,4.2,42.5,0.8,1.0,77.6,2.5,1.1,0.6,0.1,0.6,0,0
Vit Krejci,ATL,57,20.2,7.2,2.5,5.1,49.7,1.6,3.6,43.7,0.6,0.8,71.1,2.7,2.6,0.6,0.5,0.9,1,0
GG Jackson,MEM,29,15.8,7.2,2.6,6.9,37.2,1.1,3.3,33.7,1.0,1.4,72.5,3.2,1.0,0.4,0.2,1.1,0,0
Nae'Qwan Tomlin,CLE,5,12.6,7.2,2.6,6.4,40.6,0.4,2.0,20.0,1.6,2.2,72.7,4.2,0.4,0.0,0.2,0.4,1,0
Tre Jones,SA/CHI,46,19.7,7.2,2.8,5.2,53.8,0.4,1.0,39.6,1.2,1.5,82.1,2.5,4.2,0.8,0.2,0.8,1,0
Daeqwon Plowden,ATL,6,12.0,7.2,2.7,4.2,64.0,1.5,2.8,52.9,0.3,0.3,100.0,1.8,0.3,0.0,0.0,0.7,0,0
Josh Okogie,CHA/PHX,40,15.6,7.1,2.4,5.3,44.3,0.8,2.3,34.8,1.6,2.1,74.1,2.8,0.8,1.2,0.5,0.8,1,0
Alex Caruso,OKC,54,19.3,7.1,2.6,5.8,44.6,1.1,3.1,35.3,0.8,0.9,82.4,2.9,2.5,1.6,0.6,0.7,0,0
Jalen Hood-Schifino,LAL/PHI,15,21.0,7.1,2.5,6.5,37.8,0.9,3.1,30.4,1.2,1.4,85.7,1.8,2.5,0.3,0.5,1.2,0,0
Marcus Garrett,CHA,4,19.8,7.0,2.8,6.8,40.7,0.8,2.0,37.5,0.8,1.0,75.0,1.5,3.3,0.8,0.5,1.5,0,0
Jaylen Sims,CHA,6,18.7,7.0,2.0,4.7,42.9,1.0,2.5,40.0,2.0,2.5,80.0,1.0,2.0,0.5,0.2,1.3,0,0
Isaiah Jackson,IND,5,16.8,7.0,2.8,4.6,60.9,0.0,0.0,0.0,1.4,2.8,50.0,5.6,1.0,0.6,1.6,1.0,0,0
Jeff Dowtin,PHI,41,15.1,7.0,2.7,5.6,48.7,0.7,1.7,40.0,0.8,1.1,73.3,1.5,1.9,0.6,0.3,0.4,0,0
Antonio Reeves,NO,44,15.0,6.9,2.6,5.6,45.6,1.2,2.9,39.5,0.6,0.8,80.0,1.4,0.9,0.5,0.1,0.7,0,0
Orlando Robinson,SAC/TOR,44,17.5,6.9,2.6,5.9,44.4,0.4,1.2,32.7,1.2,1.6,77.1,5.0,1.8,0.4,0.4,1.1,4,0
Jaxson Hayes,LAL,56,19.5,6.8,2.9,4.0,72.2,0.0,0.1,0.0,1.1,1.8,62.2,4.8,1.0,0.6,0.9,0.8,2,0
Eric Gordon,PHI,39,19.7,6.8,2.2,5.2,42.6,1.4,3.5,40.9,0.9,1.2,75.0,1.2,1.7,0.7,0.3,0.7,0,0
Bol Bol,PHX,36,12.4,6.8,2.7,5.1,52.5,0.9,2.6,34.4,0.6,0.7,76.9,2.9,0.6,0.3,0.7,0.6,1,0
Cody Martin,CHA/PHX,53,22.1,6.8,2.6,6.1,41.8,0.8,2.8,28.5,0.8,1.2,70.5,4.2,2.0,1.1,0.6,1.0,0,0
DaQuan Jeffries,CHA,47,22.8,6.7,2.5,6.2,40.5,1.2,3.5,33.5,0.5,0.6,80.0,2.9,1.1,0.6,0.5,0.7,0,0
Marcus Bagley,PHI,10,25.3,6.7,2.7,6.9,39.1,0.5,3.2,15.6,0.8,1.0,80.0,7.0,1.0,0.9,1.2,0.7,2,0
Precious Achiuwa,NY,57,20.5,6.6,2.9,5.7,50.2,0.2,0.6,27.8,0.7,1.2,59.4,5.6,1.0,0.8,0.7,0.8,3,0
Vince Williams,MEM,27,18.5,6.6,2.5,6.2,40.1,1.0,3.5,27.4,0.7,0.9,79.2,3.6,2.0,0.4,0.3,1.2,1,0
Lester Quinones,NO/PHI,13,14.1,6.6,2.4,6.0,39.7,1.0,3.4,29.5,0.8,1.0,84.6,1.5,1.8,0.2,0.2,1.1,0,0
Marcus Sasser,DET,57,14.2,6.6,2.4,5.2,46.3,1.0,2.7,38.2,0.8,0.9,84.3,1.2,2.3,0.6,0.1,0.9,1,0
Vasilije Micic,CHA/PHX,41,19.1,6.6,2.3,6.7,34.8,1.1,3.0,36.0,0.8,1.0,82.9,2.2,3.1,0.4,0.0,1.9,1,0
Ajay Mitchell,OKC,36,16.6,6.5,2.5,5.1,49.5,0.6,1.7,38.3,0.8,1.0,82.9,1.9,1.8,0.7,0.1,0.8,1,0
KJ Martin,UTAH/PHI,43,21.2,6.4,2.6,4.7,55.2,0.3,1.3,25.9,0.9,1.1,78.7,2.9,1.1,0.4,0.5,0.6,0,0
Ryan Rollins,MIL,56,14.6,6.2,2.4,4.8,48.7,0.9,2.1,40.8,0.6,0.8,80.0,1.9,1.9,0.8,0.3,0.9,1,0
Dru Smith,MIA,14,19.1,6.2,2.2,4.4,50.8,1.1,2.1,53.3,0.6,0.9,75.0,2.6,1.6,1.5,0.4,1.2,0,0
Bones Hyland,LAC/MIN,24,10.0,6.2,2.0,4.9,39.8,1.3,3.4,39.0,1.0,1.1,88.5,1.0,1.3,0.8,0.2,1.0,0,0
Isaac Okoro,CLE,55,19.1,6.1,2.3,4.9,46.4,1.0,2.7,37.1,0.6,0.8,71.7,2.4,1.2,0.6,0.3,0.4,0,0
Isaiah Wong,CHA,20,13.3,6.0,2.1,5.3,39.0,0.7,1.7,39.4,1.3,1.7,73.5,1.6,1.4,0.6,0.0,0.9,0,0
James Wiseman,IND,1,5.0,6.0,2.0,4.0,50.0,0.0,1.0,0.0,2.0,2.0,100.0,1.0,0.0,0.0,0.0,0.0,0,0
Isaiah Mobley,PHI,1,17.0,6.0,2.0,7.0,28.6,1.0,3.0,33.3,1.0,2.0,50.0,4.0,5.0,1.0,1.0,0.0,0,0
N'Faly Dante,HOU,4,12.8,6.0,2.5,3.3,76.9,0.0,0.0,0.0,1.0,1.3,80.0,5.3,0.5,0.3,1.3,0.5,0,0
Mouhamed Gueye,ATL,33,16.2,6.0,2.2,5.2,42.1,0.6,2.5,25.9,1.0,1.3,76.2,4.2,0.8,0.8,1.0,0.5,2,0
Jaylin Williams,OKC,47,16.7,5.9,2.1,4.7,43.9,1.3,3.3,39.9,0.5,0.6,76.7,5.6,2.6,0.5,0.6,0.7,4,3
Cole Swider,TOR/DET,10,17.0,5.9,2.2,6.3,34.9,1.5,4.7,31.9,0.0,0.1,0.0,2.7,0.3,0.4,0.2,0.4,0,0
Chuma Okeke,CLE/PHI,9,21.9,5.9,2.2,4.4,50.0,1.2,3.1,39.3,0.2,0.3,66.7,5.2,1.7,0.6,0.4,0.3,1,0
Collin Gillespie,PHX,33,14.0,5.9,2.1,4.8,43.0,1.2,2.7,43.3,0.6,0.7,86.4,2.4,2.4,0.6,0.2,0.5,1,0
Moses Brown,IND/DAL,13,9.2,5.8,2.6,3.8,69.4,0.0,0.0,0.0,0.6,0.8,72.7,3.4,0.2,0.5,0.3,0.8,1,0
Robert Williams,POR,20,17.6,5.8,2.5,3.9,64.1,0.1,0.2,33.3,0.8,0.9,88.2,5.9,1.1,0.7,1.7,0.9,0,0
Quenton Jackson,IND,28,13.6,5.8,2.1,4.4,47.5,0.5,1.4,37.5,1.1,1.4,77.5,1.6,1.9,0.8,0.2,0.6,0,0
Landry Shamet,NY,50,15.2,5.7,2.1,4.6,46.1,1.2,3.1,39.7,0.2,0.4,66.7,1.2,0.5,0.5,0.0,0.4,0,0
Dariq Whitehead,BKN,20,12.3,5.7,2.0,4.8,40.6,1.7,3.7,44.6,0.2,0.3,60.0,1.5,0.6,0.3,0.1,0.8,0,0
Jordan Goodwin,LAL,29,18.7,5.6,2.2,5.0,43.8,0.9,2.3,38.2,0.3,0.4,81.8,3.9,1.4,1.0,0.4,0.9,0,0
Shake Milton,LAL/BKN,57,14.7,5.5,2.0,4.5,45.3,0.7,1.9,35.8,0.8,1.0,79.7,1.8,1.8,0.4,0.1,0.7,1,0
Keaton Wallace,ATL,31,16.2,5.4,2.1,5.2,40.1,0.9,2.6,32.9,0.4,0.4,100.0,1.6,2.6,0.9,0.3,1.1,1,1
Jeff Green,HOU,32,12.4,5.4,1.9,3.8,50.4,0.9,2.5,36.7,0.7,0.8,80.8,1.8,0.6,0.2,0.1,0.3,0,0
Kevin Love,MIA,23,10.9,5.3,1.8,5.0,35.7,1.0,2.9,35.8,0.7,1.0,69.6,4.1,1.0,0.7,0.2,0.6,0,0
Kobe Bufkin,ATL,10,12.4,5.3,1.8,4.7,38.3,0.4,1.9,21.1,1.3,1.8,72.2,2.1,1.7,0.3,0.2,0.8,0,0
Jamal Cain,NO,37,13.6,5.3,1.8,4.3,43.0,0.7,2.2,32.5,0.9,1.4,68.0,2.3,0.6,0.6,0.2,0.6,0,0
Pat Connaughton,MIL,41,14.7,5.3,2.0,4.3,46.9,0.6,2.0,32.1,0.6,0.8,77.4,2.7,1.7,0.2,0.3,0.6,1,0
Monte Morris,PHX,45,12.7,5.2,1.8,4.3,42.6,0.7,1.9,36.0,0.8,0.9,85.7,1.5,1.6,0.4,0.1,0.5,0,0
Bismack Biyombo,SA,28,18.8,5.1,2.4,4.1,58.8,0.0,0.0,0.0,0.4,0.9,40.0,5.6,1.1,0.6,0.8,1.0,3,0
Mitchell Robinson,NY,17,17.1,5.1,2.2,3.3,66.1,0.0,0.0,0.0,0.8,1.1,68.4,5.9,0.8,0.9,1.1,0.6,2,0
Alex Reese,OKC/PHI,15,14.4,5.1,1.7,3.6,48.1,1.0,2.7,36.6,0.6,0.8,75.0,3.1,0.3,0.7,0.7,0.4,0,0
Ben Simmons,LAC/BKN,51,22.0,5.0,2.3,4.4,52.0,0.0,0.0,0.0,0.5,0.6,72.7,4.7,5.6,0.7,0.5,2.0,1,0
Malaki Branham,SA,47,9.1,5.0,1.9,4.0,45.8,0.7,1.8,40.5,0.6,0.7,81.8,1.1,0.8,0.2,0.0,0.7,0,0
Alondes Williams,DET,1,4.0,5.0,2.0,2.0,100.0,1.0,1.0,100.0,0.0,0.0,0.0,0.0,1.0,0.0,0.0,0.0,0,0
Kai Jones,LAC/DAL,40,11.7,5.0,2.2,2.7,79.8,0.0,0.1,20.0,0.6,0.8,71.9,3.1,0.6,0.4,0.6,0.5,1,0
Lindy Waters,DET/GS,52,15.0,4.9,1.8,4.8,36.9,1.2,3.6,34.4,0.2,0.2,72.7,2.1,1.0,0.5,0.2,0.4,0,0
Trevelin Queen,ORL,31,13.9,4.9,1.8,4.7,38.1,0.7,2.5,28.6,0.6,0.7,85.7,1.7,1.2,1.0,0.3,0.7,0,0
Jaylen Martin,WSH/BKN,16,14.9,4.9,1.9,4.6,41.9,0.4,1.4,30.4,0.6,0.6,90.0,2.8,1.1,0.6,0.0,0.8,0,0
Jock Landale,HOU,42,11.9,4.8,1.9,3.6,53.3,0.3,0.6,42.3,0.6,1.0,67.5,3.3,0.9,0.3,0.2,0.5,1,0
Colin Castleton,TOR/MEM/PHI,26,16.6,4.7,1.8,3.8,46.9,0.1,0.6,12.5,1.1,1.5,76.3,4.7,1.1,0.3,0.4,0.9,0,0
Taylor Hendricks,UTAH,3,25.0,4.7,1.3,6.0,22.2,1.0,4.0,25.0,1.0,1.3,75.0,5.0,0.7,1.7,1.3,0.7,0,0
David Roddy,ATL/PHI/HOU,33,12.4,4.6,1.7,3.8,45.6,0.6,1.8,31.1,0.6,0.8,76.9,2.5,1.1,0.4,0.3,0.7,0,0
Cody Williams,UTAH,50,21.2,4.6,1.7,5.1,32.3,0.7,2.7,25.9,0.6,0.8,72.5,2.3,1.2,0.5,0.3,0.9,0,0
Pelle Larsson,MIA,55,14.2,4.6,1.6,3.7,43.8,0.6,1.7,33.7,0.7,1.1,67.2,1.7,1.2,0.6,0.1,0.4,0,0
Rob Dillingham,MIN,49,10.5,4.5,1.9,4.3,44.1,0.5,1.5,33.8,0.2,0.3,53.3,1.0,2.0,0.4,0.0,1.1,0,0
Reed Sheppard,HOU,52,12.6,4.4,1.6,4.6,35.1,0.9,2.7,33.8,0.3,0.3,81.3,1.5,1.4,0.7,0.3,0.7,0,0
Reggie Jackson,PHI,31,12.4,4.4,1.7,4.3,39.1,0.8,2.4,33.8,0.2,0.3,77.8,1.4,1.5,0.5,0.1,0.5,0,0
Marvin Bagley,WSH/MEM,31,8.5,4.4,1.8,3.4,51.9,0.1,0.6,15.8,0.7,1.1,65.7,2.7,0.4,0.3,0.3,0.4,1,0
Charles Bassey,SA,36,10.4,4.4,1.9,3.3,58.1,0.0,0.0,0.0,0.6,0.9,63.6,4.2,0.5,0.4,0.8,0.6,2,0
Tony Bradley,IND,14,8.1,4.4,2.1,3.2,64.4,0.1,0.2,33.3,0.1,0.4,33.3,3.0,0.4,0.1,0.6,0.4,1,0
Lamar Stevens,MEM,17,9.2,4.4,1.7,3.7,46.0,0.5,1.6,29.6,0.5,0.6,72.7,2.2,0.5,0.3,0.2,0.6,0,0
Mo Bamba,LAC/NO,32,12.9,4.3,1.6,3.5,46.4,0.5,1.7,27.8,0.6,0.8,70.4,4.5,0.6,0.3,1.0,0.6,0,0
Terrence Shannon,MIN,32,10.6,4.3,1.7,3.6,48.2,0.3,1.0,35.5,0.5,0.7,81.0,1.5,1.0,0.2,0.2,0.5,1,0
Daniel Theis,NO,38,16.3,4.3,1.6,3.4,47.3,0.2,1.0,24.3,0.8,1.0,83.8,4.3,1.6,0.5,0.5,0.7,1,0
Micah Potter,UTAH,38,18.6,4.3,1.5,3.6,42.2,0.8,2.6,31.6,0.4,0.5,85.0,4.3,0.8,0.4,0.4,0.8,0,0
Jevon Carter,CHI,36,8.9,4.3,1.5,4.1,37.7,1.0,2.9,33.3,0.2,0.3,80.0,1.1,1.1,0.4,0.1,0.3,0,0
Cam Spencer,MEM,25,10.1,4.2,1.4,3.3,41.5,0.8,2.1,36.5,0.8,0.8,100.0,1.2,1.4,0.4,0.0,0.2,0,0
Dominick Barlow,ATL,35,10.7,4.2,1.7,3.2,53.1,0.2,0.8,25.9,0.6,0.9,63.6,2.4,0.5,0.3,0.5,0.1,1,0
Duop Reath,POR,46,10.2,4.2,1.5,3.6,42.2,0.7,2.3,32.1,0.4,0.5,90.9,2.0,0.6,0.3,0.3,0.3,0,0
Kessler Edwards,DAL,40,15.2,4.2,1.7,3.4,49.6,0.6,1.4,40.7,0.3,0.3,92.3,2.9,1.1,0.5,0.5,0.4,1,0
Wendell Moore,DET/CHA,36,13.9,4.2,1.6,3.5,46.8,0.4,1.1,34.1,0.5,0.6,81.8,2.6,1.2,0.6,0.1,0.8,1,0
Torrey Craig,BOS/CHI,26,12.1,4.2,1.5,3.5,42.2,0.9,2.5,36.4,0.3,0.5,66.7,2.8,0.7,0.3,0.5,0.3,0,0
Maxwell Lewis,LAL/BKN,28,11.7,4.1,1.6,3.9,41.7,0.7,1.8,38.0,0.3,0.4,70.0,2.0,0.7,0.3,0.3,0.5,0,0
Jordan Miller,LAC,37,11.4,4.1,1.6,3.6,43.3,0.2,1.0,21.1,0.8,0.9,80.0,1.6,0.9,0.5,0.1,0.7,0,0
Paul Reed,DET,45,9.7,4.1,1.6,3.2,50.7,0.2,0.6,28.6,0.7,0.9,76.2,2.7,1.0,0.9,0.6,0.6,0,0
Jarred Vanderbilt,LAL,36,16.1,4.1,1.6,3.4,48.8,0.3,0.9,28.1,0.6,1.0,55.6,5.1,1.1,1.0,0.3,0.8,0,0
Jalen Pickett,DEN,49,13.6,4.1,1.6,3.7,42.8,0.8,2.1,39.6,0.1,0.2,75.0,1.4,2.2,0.4,0.1,0.5,1,1
Jaylen Clark,MIN,40,13.1,4.1,1.4,3.0,46.7,0.6,1.3,43.1,0.7,0.9,78.4,1.3,0.7,0.9,0.1,0.2,0,0
Gui Santos,GS,56,13.6,4.1,1.5,3.2,45.8,0.6,1.8,33.0,0.5,0.8,69.0,3.1,1.4,0.4,0.2,0.8,0,0
Colby Jones,SAC/WSH,39,13.2,4.0,1.5,3.3,45.7,0.4,1.3,32.7,0.6,0.9,65.7,2.2,1.1,0.7,0.3,0.6,1,0
Josh Richardson,MIA,8,18.6,4.0,1.4,4.8,28.9,0.8,2.8,27.3,0.5,0.5,100.0,1.5,1.5,1.0,0.1,1.0,0,0
Malachi Flynn,CHA,4,11.0,4.0,1.3,3.3,38.5,0.3,1.0,25.0,1.3,1.5,83.3,1.8,1.8,0.8,0.0,1.0,0,0
Ron Harper,DET,1,17.0,4.0,1.0,8.0,12.5,0.0,6.0,0.0,2.0,2.0,100.0,7.0,2.0,0.0,0.0,0.0,0,0
Kyle Lowry,PHI,35,18.8,3.9,1.2,3.3,35.0,0.8,2.5,33.0,0.8,0.9,81.8,1.9,2.7,0.9,0.3,0.6,0,0
Olivier-Maxence Prosper,DAL,52,11.2,3.9,1.3,3.3,40.2,0.2,1.0,23.5,0.9,1.5,64.5,2.4,0.8,0.5,0.1,0.3,0,0
Ousmane Dieng,OKC,37,10.9,3.8,1.5,3.4,43.2,0.6,1.9,32.4,0.3,0.4,68.8,2.2,0.8,0.5,0.2,0.5,0,0
Devin Carter,SAC,36,11.0,3.8,1.3,3.5,37.0,0.5,1.7,29.5,0.7,1.2,59.1,2.1,1.1,0.6,0.1,0.5,0,0
Patty Mills,LAC/UTAH,29,11.1,3.8,1.2,3.3,37.5,0.9,2.6,34.7,0.4,0.5,92.9,0.8,0.9,0.4,0.1,0.6,0,0
Branden Carlson,OKC,32,7.7,3.8,1.3,3.0,44.3,0.7,2.1,33.3,0.4,0.6,77.8,1.7,0.4,0.2,0.7,0.2,1,0
Markieff Morris,LAL/DAL,15,10.9,3.7,1.4,4.7,30.0,0.6,2.4,25.0,0.3,0.4,83.3,1.5,1.4,0.1,0.2,0.3,0,0
DeAndre Jordan,DEN,56,12.3,3.7,1.6,2.5,65.0,0.0,0.0,0.0,0.5,1.1,42.2,5.1,0.9,0.3,0.5,0.7,3,0
Emoni Bates,CLE,10,7.5,3.7,1.3,3.8,34.2,1.1,3.0,36.7,0.0,0.0,0.0,0.7,0.8,0.1,0.1,0.2,0,0
Craig Porter,CLE,51,10.1,3.7,1.4,2.7,51.4,0.4,0.9,43.8,0.5,0.6,71.9,1.3,1.4,0.3,0.3,0.7,0,0
Jackson Rowe,GS,6,8.7,3.7,1.3,2.8,47.1,0.5,1.7,30.0,0.5,1.0,50.0,1.8,0.7,0.7,0.0,0.2,0,0
Baylor Scheierman,BOS,31,12.4,3.6,1.3,3.5,35.5,0.8,2.6,31.7,0.3,0.4,75.0,2.1,1.1,0.5,0.1,0.4,0,0
Jae'Sean Tate,HOU,52,11.3,3.6,1.3,2.8,47.3,0.3,0.9,34.8,0.6,0.9,68.1,2.3,0.9,0.5,0.1,0.4,0,0
Jaylon Tyson,CLE,47,9.6,3.6,1.4,3.2,43.0,0.4,1.2,34.5,0.4,0.5,79.2,2.0,0.9,0.3,0.1,0.6,1,0
JT Thor,CLE/WSH,20,12.5,3.6,1.3,3.0,42.4,0.3,1.1,28.6,0.8,1.1,68.2,2.4,0.3,0.4,0.5,0.5,0,0
Elfrid Payton,NO/CHA,24,21.3,3.5,1.7,5.1,32.8,0.0,0.3,16.7,0.2,0.3,57.1,3.3,6.9,1.0,0.5,2.5,2,0
Cory Joseph,ORL,50,12.2,3.5,1.2,3.1,40.3,0.8,2.1,36.4,0.3,0.4,77.8,1.5,1.4,0.5,0.1,0.4,0,0
Luka Garza,MIN,39,5.6,3.5,1.3,2.7,49.5,0.3,0.9,27.8,0.6,0.9,68.6,1.4,0.3,0.2,0.1,0.3,0,0
Doug McDermott,SAC,42,8.1,3.5,1.2,2.8,42.7,1.0,2.4,43.6,0.1,0.1,60.0,0.5,0.2,0.1,0.0,0.1,0,0
Dario Saric,DEN,16,13.1,3.5,1.3,3.6,36.2,0.4,1.6,26.9,0.4,0.6,70.0,3.1,1.4,0.4,0.1,0.9,1,0
Bruno Fernando,TOR,17,8.6,3.4,1.5,2.9,53.1,0.0,0.0,0.0,0.4,0.5,75.0,3.0,1.1,0.2,0.5,0.8,0,0
Jamaree Bouyea,MIL,5,12.4,3.4,1.2,2.4,50.0,0.2,1.0,20.0,0.8,1.2,66.7,1.0,2.0,0.8,0.4,1.6,0,0
Isaac Jones,SAC,40,7.6,3.4,1.4,2.1,65.1,0.1,0.2,37.5,0.6,0.9,63.9,1.4,0.3,0.1,0.3,0.4,0,0
Damion Lee,PHX,25,5.8,3.3,1.1,3.0,36.5,0.4,1.5,24.3,0.8,0.8,95.2,0.8,0.4,0.2,0.0,0.4,0,0
Kevin Knox,GS,14,6.0,3.3,1.3,2.6,50.0,0.3,1.1,26.7,0.4,0.6,75.0,1.2,0.4,0.1,0.3,0.3,0,0
Nate Williams,HOU,20,7.4,3.3,1.4,3.1,43.5,0.3,1.3,23.1,0.3,0.4,62.5,0.7,0.5,0.4,0.2,0.7,0,0
Zeke Nnaji,DEN,57,10.7,3.2,1.2,2.5,49.6,0.3,0.9,32.7,0.5,0.8,61.4,1.6,0.4,0.4,0.7,0.2,0,0
Elijah Harkless,UTAH,10,13.8,3.2,1.1,3.5,31.4,0.7,2.5,28.0,0.3,0.6,50.0,2.1,0.8,1.0,0.1,0.3,0,0
Cam Reddish,LAL,33,17.8,3.2,1.2,2.8,40.4,0.4,1.4,27.7,0.5,0.8,61.5,2.0,0.7,1.0,0.3,0.4,0,0
Delon Wright,MIL/NY,40,15.9,3.1,1.1,3.3,34.4,0.5,1.8,27.4,0.4,0.6,60.0,1.7,1.9,0.9,0.3,0.6,0,0
Kylor Kelley,NO/DAL,11,11.5,3.1,1.3,2.0,63.6,0.0,0.0,0.0,0.5,0.9,60.0,3.5,0.5,0.1,0.3,0.4,1,0
Maxi Kleber,DAL,34,18.7,3.0,1.1,2.8,38.5,0.4,1.4,26.5,0.5,0.6,76.2,2.8,1.3,0.3,0.5,0.7,0,0
Gary Harris,ORL,48,14.8,3.0,1.1,2.8,38.3,0.8,2.1,35.6,0.1,0.3,58.3,1.3,0.6,0.5,0.3,0.4,0,0
P.J. Tucker,NY,3,19.3,3.0,1.0,2.3,42.9,1.0,2.0,50.0,0.0,0.0,0.0,2.7,0.0,0.3,0.3,0.3,0,0
Taze Moore,POR,2,10.0,3.0,1.0,5.0,20.0,0.5,2.0,25.0,0.5,1.0,50.0,4.0,0.5,1.0,0.0,1.0,0,0
Rayan Rupert,POR,52,8.8,3.0,1.1,2.7,40.8,0.3,1.1,27.1,0.4,0.6,76.7,1.3,0.5,0.3,0.1,0.6,1,0
Pete Nance,MIL/PHI,13,10.6,2.9,1.1,2.5,43.8,0.7,1.8,37.5,0.1,0.2,50.0,1.6,0.8,0.2,0.2,0.3,0,0
Tyler Smith,MIL,23,5.3,2.9,1.0,2.2,48.0,0.6,1.3,43.3,0.3,0.3,75.0,1.1,0.2,0.1,0.2,0.3,0,0
Markelle Fultz,SAC,21,8.8,2.9,1.3,3.2,41.8,0.2,0.4,50.0,0.0,0.0,100.0,1.0,1.3,0.5,0.1,0.7,0,0
Taj Gibson,CHA,37,11.1,2.9,1.3,2.6,49.5,0.0,0.1,50.0,0.3,0.5,60.0,3.2,0.6,0.2,0.5,0.7,1,0
RayJ Dennis,IND,11,6.4,2.7,1.0,3.0,33.3,0.5,1.9,28.6,0.2,0.2,100.0,1.1,1.3,0.6,0.2,0.5,0,0
Keshad Johnson,MIA,16,6.1,2.7,1.1,1.6,69.2,0.2,0.4,42.9,0.3,0.6,44.4,1.8,0.3,0.3,0.3,0.3,0,0
David Duke,SA,6,5.7,2.7,1.0,2.3,42.9,0.5,1.0,50.0,0.2,0.3,50.0,0.8,0.7,0.2,0.0,0.3,0,0
Hunter Tyson,DEN,51,7.8,2.6,0.9,2.4,37.5,0.5,1.5,31.1,0.4,0.5,75.0,1.5,0.4,0.2,0.1,0.3,0,0
Josh Minott,MIN,46,6.0,2.6,1.0,2.0,48.9,0.3,0.9,32.6,0.4,0.4,89.5,1.0,0.4,0.3,0.3,0.2,0,0
Reece Beekman,BKN/GS,36,13.0,2.6,1.0,3.0,32.7,0.2,1.1,17.5,0.4,0.6,76.2,1.1,1.8,0.9,0.1,0.6,0,0
Jae Crowder,SAC,9,11.4,2.6,0.8,2.4,31.8,0.4,1.7,26.7,0.6,0.7,83.3,2.2,0.7,0.3,0.0,0.4,0,0
Jaden Springer,BOS/UTAH/HOU,43,8.5,2.5,0.8,2.1,38.9,0.3,1.1,25.0,0.6,0.9,71.1,1.3,0.8,0.6,0.1,0.4,0,0
Anthony Gill,WSH,51,7.8,2.5,0.8,1.7,48.9,0.2,0.6,32.3,0.6,1.0,66.0,1.3,0.3,0.2,0.0,0.2,0,0
Pat Spencer,GS,39,6.4,2.5,1.1,2.6,40.6,0.1,0.6,22.7,0.3,0.4,73.3,1.2,1.2,0.4,0.1,0.5,0,0
Trey Jemison,LAL/NO,38,10.3,2.5,1.1,1.9,55.4,0.0,0.0,0.0,0.3,0.9,39.4,2.8,0.4,0.2,0.4,0.6,0,0
Dillon Jones,OKC,54,10.2,2.5,0.9,2.5,38.3,0.3,1.2,25.4,0.3,0.5,60.7,2.2,1.1,0.3,0.1,0.5,1,0
John Konchar,MEM,46,12.1,2.4,0.9,2.0,45.1,0.5,1.3,37.1,0.2,0.2,87.5,3.3,0.9,0.7,0.3,0.3,0,0
Christian Koloko,LAL,37,9.2,2.4,1.1,1.8,60.6,0.0,0.1,0.0,0.3,0.4,71.4,2.5,0.4,0.2,0.4,0.3,0,0
Johnny Davis,WSH,34,7.1,2.4,0.9,2.3,41.0,0.2,0.9,24.1,0.3,0.4,60.0,1.1,0.3,0.4,0.2,0.2,0,0
Miles Norris,BOS,3,11.7,2.3,0.7,3.0,22.2,0.7,2.3,28.6,0.3,0.7,50.0,3.0,0.0,0.7,0.3,0.0,0,0
Mason Jones,SAC,10,4.5,2.3,0.9,1.8,50.0,0.1,0.8,12.5,0.4,0.5,80.0,0.9,1.1,0.0,0.1,0.1,0,0
Bronny James,LAL,27,6.7,2.3,0.8,2.5,31.3,0.3,1.2,28.1,0.4,0.5,78.6,0.7,0.8,0.3,0.1,0.5,0,0
MarJon Beauchamp,LAC/MIL/NY,35,4.5,2.3,0.8,1.9,41.5,0.3,0.8,34.5,0.4,0.6,75.0,1.3,0.3,0.1,0.0,0.4,0,0
Patrick Baldwin,LAC/WSH,24,4.5,2.2,0.8,1.5,54.3,0.5,1.0,56.5,0.1,0.2,50.0,1.0,0.1,0.1,0.1,0.2,0,0
TyTy Washington,PHX,16,7.4,2.2,0.9,2.8,31.1,0.3,1.3,19.0,0.2,0.4,50.0,0.8,1.0,0.2,0.0,0.2,0,0
Drew Peterson,BOS,25,7.4,2.2,0.7,1.6,41.5,0.5,1.3,39.4,0.3,0.4,77.8,1.6,0.5,0.2,0.1,0.3,0,0
Jordan McLaughlin,SAC/SA,46,6.8,2.1,0.7,1.6,43.1,0.4,1.0,41.3,0.4,0.5,77.3,0.7,1.1,0.3,0.0,0.3,0,0
Chris Duarte,CHI,17,4.4,2.1,0.7,1.5,46.2,0.4,0.9,40.0,0.4,0.5,75.0,1.2,0.5,0.0,0.0,0.1,0,0
Enrique Freeman,IND,22,8.2,2.1,0.7,1.7,43.2,0.0,0.5,10.0,0.6,0.9,68.4,1.4,0.4,0.1,0.1,0.3,0,0
Dwight Powell,DAL,55,10.0,2.1,0.8,1.1,68.9,0.0,0.1,40.0,0.5,0.8,65.1,2.1,1.0,0.3,0.4,0.3,0,0
JD Davison,BOS,16,5.8,2.1,0.8,2.1,35.3,0.3,1.1,22.2,0.3,0.4,71.4,0.8,0.8,0.3,0.1,0.8,0,0
Johnny Furphy,IND,50,7.6,2.1,0.7,1.8,38.0,0.3,1.0,30.0,0.4,0.4,81.8,1.4,0.4,0.4,0.2,0.2,0,0
Josh Christopher,MIA,14,4.9,2.0,0.8,2.2,35.5,0.1,0.8,18.2,0.3,0.4,66.7,0.6,0.6,0.4,0.2,0.4,0,0
Adama Sanogo,CHI,4,5.3,2.0,1.0,1.8,57.1,0.0,0.0,0.0,0.0,0.0,0.0,1.5,0.3,0.0,0.0,0.3,0,0
Tyler Kolek,NY,41,7.2,2.0,0.7,2.0,32.9,0.3,1.1,29.8,0.3,0.4,76.5,0.7,1.7,0.3,0.1,0.4,0,0
Kobe Brown,LAC,40,6.8,1.9,0.8,1.8,45.8,0.2,0.7,23.1,0.1,0.2,71.4,1.6,0.6,0.2,0.1,0.3,0,0
Ariel Hukporti,NY,25,8.7,1.9,0.8,1.2,67.7,0.0,0.0,0.0,0.2,0.5,46.2,2.0,0.4,0.0,0.6,0.8,0,0
Garrett Temple,TOR,28,8.1,1.9,0.6,2.1,30.0,0.2,1.0,21.4,0.4,0.4,91.7,1.0,1.1,0.6,0.1,0.4,0,0
Bobi Klintman,DET,8,5.3,1.9,0.8,1.3,60.0,0.3,0.6,40.0,0.1,0.3,50.0,0.9,0.9,0.3,0.1,0.1,0,0
Jericho Sims,MIL/NY,53,11.9,1.8,0.8,1.3,63.4,0.0,0.0,0.0,0.2,0.2,61.5,3.7,0.6,0.2,0.4,0.6,0,0
Vlatko Cancar,DEN,13,10.5,1.8,0.8,2.0,38.5,0.3,1.2,26.7,0.0,0.0,0.0,2.5,0.7,0.2,0.2,0.8,0,0
Jahmir Young,CHI,6,5.0,1.8,0.7,0.8,80.0,0.2,0.3,50.0,0.3,0.3,100.0,0.5,1.0,0.0,0.0,0.2,0,0
Trentyn Flowers,LAC,6,4.5,1.8,0.7,1.8,36.4,0.0,0.3,0.0,0.5,0.5,100.0,0.7,0.0,0.0,0.0,0.2,0,0
Adam Flagler,OKC,37,5.5,1.8,0.7,2.6,26.0,0.4,1.9,19.4,0.0,0.1,50.0,0.7,0.3,0.2,0.1,0.1,0,0
E.J. Liddell,CHI,12,4.4,1.8,0.7,1.3,53.3,0.3,0.8,30.0,0.2,0.2,100.0,0.8,0.3,0.1,0.1,0.2,0,0
PJ Hall,DEN,19,3.5,1.7,0.7,1.3,58.3,0.1,0.4,25.0,0.2,0.2,75.0,1.2,0.2,0.0,0.2,0.1,0,0
Tristan Thompson,CLE,40,8.2,1.7,0.8,1.8,43.7,0.0,0.1,0.0,0.2,0.8,23.3,3.4,0.6,0.1,0.3,0.4,0,0
Alex Ducas,OKC,21,6.0,1.7,0.6,1.4,40.0,0.5,1.0,47.6,0.1,0.1,100.0,1.2,0.2,0.2,0.0,0.2,0,0
Emanuel Miller,CHI,6,4.2,1.7,0.7,1.3,50.0,0.0,0.2,0.0,0.3,0.3,100.0,1.3,0.3,0.2,0.0,0.0,0,0
Pacome Dadiet,NY,18,6.2,1.7,0.6,1.7,32.3,0.3,1.1,31.6,0.2,0.3,66.7,1.0,0.3,0.2,0.1,0.2,0,0
Yuki Kawamura,MEM,22,4.2,1.6,0.5,1.4,36.7,0.3,1.0,30.4,0.3,0.4,77.8,0.5,0.9,0.1,0.0,0.2,0,0
Alex Len,SAC/LAL,46,8.3,1.6,0.7,1.4,50.8,0.0,0.2,22.2,0.2,0.4,47.1,2.1,0.8,0.2,0.5,0.4,0,0
Phillip Wheeler,PHI,5,8.8,1.6,0.6,4.2,14.3,0.0,2.0,0.0,0.4,0.4,100.0,1.6,0.4,0.2,0.4,0.2,0,0
Jordan Walsh,BOS,52,7.8,1.6,0.6,1.6,36.1,0.3,1.1,27.3,0.1,0.2,58.3,1.3,0.4,0.2,0.2,0.3,0,0
Jack McVeigh,HOU,9,4.8,1.6,0.6,1.9,29.4,0.4,1.4,30.8,0.0,0.0,0.0,0.6,0.1,0.0,0.2,0.2,0,0
Armel Traore,LAL,9,7.4,1.6,0.7,2.1,31.6,0.0,0.8,0.0,0.2,0.8,28.6,1.7,0.1,0.4,0.2,0.3,0,0
Leonard Miller,MIN,13,2.5,1.5,0.5,1.2,40.0,0.0,0.4,0.0,0.6,0.6,100.0,0.8,0.0,0.2,0.1,0.2,0,0
Kevin McCullar,NY,4,7.3,1.5,0.5,1.8,28.6,0.0,0.3,0.0,0.5,0.5,100.0,2.0,0.5,0.3,0.3,0.0,0,0
Quincy Olivari,LAL,2,5.0,1.5,0.5,2.5,20.0,0.5,2.5,20.0,0.0,0.0,0.0,0.0,0.5,0.0,0.0,0.5,0,0
Jazian Gortman,DAL,16,3.6,1.5,0.6,1.4,39.1,0.3,0.7,36.4,0.1,0.3,50.0,0.3,0.4,0.1,0.1,0.3,0,0
Matt Ryan,NY,19,3.6,1.5,0.5,1.6,32.3,0.3,1.0,31.6,0.1,0.1,100.0,0.4,0.2,0.1,0.0,0.2,0,0
Sidy Cissoko,POR/SA,22,5.2,1.5,0.6,1.4,43.3,0.1,0.6,23.1,0.1,0.4,33.3,1.0,0.7,0.1,0.0,0.5,0,0
Chris Livingston,MIL,21,5.0,1.4,0.4,1.3,33.3,0.0,0.4,0.0,0.6,0.8,75.0,1.7,0.2,0.2,0.0,0.3,0,0
Cam Christie,LAC,13,4.5,1.4,0.5,1.8,29.2,0.2,1.0,15.4,0.2,0.3,50.0,0.9,0.5,0.4,0.1,0.2,0,0
Jacob Toppin,ATL/NY,17,4.4,1.4,0.5,1.3,40.9,0.3,0.6,50.0,0.0,0.0,0.0,0.9,0.4,0.1,0.0,0.2,0,0
Trey Alexander,DEN,24,4.9,1.3,0.5,1.7,31.7,0.1,0.7,17.6,0.1,0.2,75.0,0.5,0.5,0.1,0.0,0.2,0,0
Spencer Jones,DEN,20,6.3,1.3,0.6,1.7,32.4,0.1,0.9,5.9,0.2,0.2,100.0,0.9,0.3,0.3,0.3,0.3,0,0
Skal Labissiere,SAC,4,3.0,1.3,0.5,1.0,50.0,0.3,0.3,100.0,0.0,0.0,0.0,0.8,0.3,0.0,0.0,0.0,0,0
Jalen Bridges,PHX,8,3.8,1.1,0.3,0.9,28.6,0.3,0.9,28.6,0.4,0.5,75.0,0.5,0.0,0.0,0.0,0.5,0,0
Xavier Tillman,BOS,33,7.0,1.0,0.4,1.6,24.5,0.2,1.0,15.6,0.1,0.1,75.0,1.3,0.2,0.3,0.2,0.4,0,0
Braxton Key,GS,3,3.7,1.0,0.0,1.3,0.0,0.0,0.3,0.0,1.0,2.0,50.0,0.7,0.0,0.7,0.0,0.3,0,0
Yuri Collins,GS,2,8.0,1.0,0.5,1.5,33.3,0.0,0.0,0.0,0.0,0.0,0.0,1.5,2.0,1.0,0.0,0.0,0,0
Bryce McGowens,POR,13,2.5,1.0,0.3,1.1,28.6,0.0,0.3,0.0,0.4,0.5,83.3,0.2,0.2,0.1,0.0,0.3,0,0
Luke Travers,CLE,12,7.3,1.0,0.4,1.7,25.0,0.0,0.8,0.0,0.2,0.2,100.0,1.7,0.7,0.1,0.1,0.7,0,0
Daniss Jenkins,DET,7,3.3,1.0,0.4,1.4,30.0,0.1,1.0,14.3,0.0,0.3,0.0,0.3,0.4,0.0,0.0,0.1,0,0
Justin Minaya,POR,19,5.3,0.9,0.4,1.1,38.1,0.1,0.5,20.0,0.0,0.1,0.0,0.5,0.4,0.3,0.1,0.3,0,0
Anton Watson,BOS/NY,9,2.4,0.9,0.4,1.0,44.4,0.0,0.1,0.0,0.0,0.0,0.0,0.3,0.2,0.1,0.0,0.2,0,0
Isaiah Crawford,SAC,15,3.1,0.9,0.3,0.7,45.5,0.1,0.3,20.0,0.1,0.3,50.0,0.5,0.1,0.1,0.1,0.1,0,0
Harrison Ingram,SA,5,7.0,0.8,0.4,0.8,50.0,0.0,0.2,0.0,0.0,0.0,0.0,1.8,0.6,0.6,0.0,0.2,0,0
Joe Ingles,MIN,19,6.0,0.8,0.3,1.2,26.1,0.2,0.8,20.0,0.0,0.0,0.0,0.6,1.2,0.1,0.0,0.5,0,0
PJ Dozier,MIN,9,3.9,0.8,0.2,0.3,66.7,0.2,0.3,66.7,0.1,0.7,16.7,0.6,0.6,0.1,0.0,0.1,0,0
D.J. Carton,TOR,4,8.3,0.8,0.3,1.8,14.3,0.0,0.8,0.0,0.3,0.3,100.0,1.0,0.8,0.5,0.0,1.0,0,0
Ulrich Chomche,TOR,7,4.6,0.7,0.3,0.7,40.0,0.0,0.0,0.0,0.1,0.3,50.0,1.1,0.3,0.0,0.1,0.3,0,0
Liam Robbins,MIL,13,4.4,0.7,0.2,0.6,25.0,0.0,0.2,0.0,0.4,0.8,50.0,0.9,0.2,0.2,0.2,0.5,0,0
Stanley Umude,MIL,22,3.9,0.7,0.2,1.2,19.2,0.1,0.7,20.0,0.1,0.2,50.0,0.8,0.2,0.1,0.3,0.1,0,0
James Johnson,IND,12,3.1,0.7,0.3,0.9,36.4,0.0,0.3,0.0,0.0,0.1,0.0,0.5,0.3,0.0,0.2,0.3,0,0
Yongxi Cui,BKN,5,2.0,0.6,0.2,1.4,14.3,0.0,0.6,0.0,0.2,0.4,50.0,0.4,0.0,0.0,0.0,0.0,0,0
Tristen Newton,IND/MIN,8,2.0,0.4,0.1,1.0,12.5,0.0,0.4,0.0,0.1,0.1,100.0,0.5,0.3,0.1,0.0,0.3,0,0
Daishen Nix,SAC/MIN,3,4.3,0.3,0.0,0.3,0.0,0.0,0.3,0.0,0.3,0.7,50.0,1.3,1.0,0.0,0.0,1.3,0,0
Malevy Leons,OKC,6,3.5,0.3,0.0,0.3,0.0,0.0,0.2,0.0,0.3,0.7,50.0,0.5,0.2,0.0,0.0,0.2,0,0
